표이름,시점,지역,분류,항목,값,단위
경영주 연령 및 교육정도별 농가,2020,전국,계,농가,1035193,가구
경영주 연령 및 교육정도별 농가,2020,전국,계,경영주연령별농가:15~19,9,가구
경영주 연령 및 교육정도별 농가,2020,전국,계,20~24,196,가구
경영주 연령 및 교육정도별 농가,2020,전국,계,25~29,893,가구
경영주 연령 및 교육정도별 농가,2020,전국,계,30~34,2760,가구
경영주 연령 및 교육정도별 농가,2020,전국,계,35~39,8568,가구
경영주 연령 및 교육정도별 농가,2020,전국,계,40~44,18985,가구
경영주 연령 및 교육정도별 농가,2020,전국,계,45~49,42989,가구
경영주 연령 및 교육정도별 농가,2020,전국,계,50~54,77645,가구
경영주 연령 및 교육정도별 농가,2020,전국,계,55~59,124686,가구
경영주 연령 및 교육정도별 농가,2020,전국,계,60~64,179143,가구
경영주 연령 및 교육정도별 농가,2020,전국,계,65~69,168571,가구
경영주 연령 및 교육정도별 농가,2020,전국,계,70~74,158197,가구
경영주 연령 및 교육정도별 농가,2020,전국,계,75~79,133960,가구
경영주 연령 및 교육정도별 농가,2020,전국,계,80세이상,118591,가구
경영주 연령 및 교육정도별 농가,2020,전국,계,경영주평균연령,66.1,가구
경영주 연령 및 교육정도별 농가,2020,전국,계,경영주교육정도별농가:          받지않음,67175,가구
경영주 연령 및 교육정도별 농가,2020,전국,계,초등학교,276226,가구
경영주 연령 및 교육정도별 농가,2020,전국,계,중학교,184088,가구
경영주 연령 및 교육정도별 농가,2020,전국,계,고등학교,322871,가구
경영주 연령 및 교육정도별 농가,2020,전국,계,4년제미만대학,71663,가구
경영주 연령 및 교육정도별 농가,2020,전국,계,4년제이상대학교,93404,가구
경영주 연령 및 교육정도별 농가,2020,전국,계,대학원 석사과정,15708,가구
경영주 연령 및 교육정도별 농가,2020,전국,계,대학원 박사과정,4058,가구
경영주 연령 및 교육정도별 농가,2020,전국,경지규모별,농가,1035193,가구
경영주 연령 및 교육정도별 농가,2020,전국,경지규모별,경영주연령별농가:15~19,9,가구
경영주 연령 및 교육정도별 농가,2020,전국,경지규모별,20~24,196,가구
경영주 연령 및 교육정도별 농가,2020,전국,경지규모별,25~29,893,가구
경영주 연령 및 교육정도별 농가,2020,전국,경지규모별,30~34,2760,가구
경영주 연령 및 교육정도별 농가,2020,전국,경지규모별,35~39,8568,가구
경영주 연령 및 교육정도별 농가,2020,전국,경지규모별,40~44,18985,가구
경영주 연령 및 교육정도별 농가,2020,전국,경지규모별,45~49,42989,가구
경영주 연령 및 교육정도별 농가,2020,전국,경지규모별,50~54,77645,가구
경영주 연령 및 교육정도별 농가,2020,전국,경지규모별,55~59,124686,가구
경영주 연령 및 교육정도별 농가,2020,전국,경지규모별,60~64,179143,가구
경영주 연령 및 교육정도별 농가,2020,전국,경지규모별,65~69,168571,가구
경영주 연령 및 교육정도별 농가,2020,전국,경지규모별,70~74,158197,가구
경영주 연령 및 교육정도별 농가,2020,전국,경지규모별,75~79,133960,가구
경영주 연령 및 교육정도별 농가,2020,전국,경지규모별,80세이상,118591,가구
경영주 연령 및 교육정도별 농가,2020,전국,경지규모별,경영주평균연령,66.1,가구
경영주 연령 및 교육정도별 농가,2020,전국,경지규모별,경영주교육정도별농가:          받지않음,67175,가구
경영주 연령 및 교육정도별 농가,2020,전국,경지규모별,초등학교,276226,가구
경영주 연령 및 교육정도별 농가,2020,전국,경지규모별,중학교,184088,가구
경영주 연령 및 교육정도별 농가,2020,전국,경지규모별,고등학교,322871,가구
경영주 연령 및 교육정도별 농가,2020,전국,경지규모별,4년제미만대학,71663,가구
경영주 연령 및 교육정도별 농가,2020,전국,경지규모별,4년제이상대학교,93404,가구
경영주 연령 및 교육정도별 농가,2020,전국,경지규모별,대학원 석사과정,15708,가구
경영주 연령 및 교육정도별 농가,2020,전국,경지규모별,대학원 박사과정,4058,가구
경영주 연령 및 교육정도별 농가,2020,전국,경지없음,농가,9140,가구
경영주 연령 및 교육정도별 농가,2020,전국,경지없음,경영주연령별농가:15~19,-,가구
경영주 연령 및 교육정도별 농가,2020,전국,경지없음,20~24,16,가구
경영주 연령 및 교육정도별 농가,2020,전국,경지없음,25~29,78,가구
경영주 연령 및 교육정도별 농가,2020,전국,경지없음,30~34,182,가구
경영주 연령 및 교육정도별 농가,2020,전국,경지없음,35~39,381,가구
경영주 연령 및 교육정도별 농가,2020,전국,경지없음,40~44,501,가구
경영주 연령 및 교육정도별 농가,2020,전국,경지없음,45~49,674,가구
경영주 연령 및 교육정도별 농가,2020,전국,경지없음,50~54,1017,가구
경영주 연령 및 교육정도별 농가,2020,전국,경지없음,55~59,1567,가구
경영주 연령 및 교육정도별 농가,2020,전국,경지없음,60~64,1791,가구
경영주 연령 및 교육정도별 농가,2020,전국,경지없음,65~69,1422,가구
경영주 연령 및 교육정도별 농가,2020,전국,경지없음,70~74,843,가구
경영주 연령 및 교육정도별 농가,2020,전국,경지없음,75~79,440,가구
경영주 연령 및 교육정도별 농가,2020,전국,경지없음,80세이상,228,가구
경영주 연령 및 교육정도별 농가,2020,전국,경지없음,경영주평균연령,58.8,가구
경영주 연령 및 교육정도별 농가,2020,전국,경지없음,경영주교육정도별농가:          받지않음,146,가구
경영주 연령 및 교육정도별 농가,2020,전국,경지없음,초등학교,1122,가구
경영주 연령 및 교육정도별 농가,2020,전국,경지없음,중학교,1440,가구
경영주 연령 및 교육정도별 농가,2020,전국,경지없음,고등학교,3794,가구
경영주 연령 및 교육정도별 농가,2020,전국,경지없음,4년제미만대학,1148,가구
경영주 연령 및 교육정도별 농가,2020,전국,경지없음,4년제이상대학교,1306,가구
경영주 연령 및 교육정도별 농가,2020,전국,경지없음,대학원 석사과정,147,가구
경영주 연령 및 교육정도별 농가,2020,전국,경지없음,대학원 박사과정,37,가구
경영주 연령 및 교육정도별 농가,2020,전국,0.1ha 미만,농가,11202,가구
경영주 연령 및 교육정도별 농가,2020,전국,0.1ha 미만,경영주연령별농가:15~19,-,가구
경영주 연령 및 교육정도별 농가,2020,전국,0.1ha 미만,20~24,1,가구
경영주 연령 및 교육정도별 농가,2020,전국,0.1ha 미만,25~29,10,가구
경영주 연령 및 교육정도별 농가,2020,전국,0.1ha 미만,30~34,62,가구
경영주 연령 및 교육정도별 농가,2020,전국,0.1ha 미만,35~39,140,가구
경영주 연령 및 교육정도별 농가,2020,전국,0.1ha 미만,40~44,264,가구
경영주 연령 및 교육정도별 농가,2020,전국,0.1ha 미만,45~49,476,가구
경영주 연령 및 교육정도별 농가,2020,전국,0.1ha 미만,50~54,823,가구
경영주 연령 및 교육정도별 농가,2020,전국,0.1ha 미만,55~59,1262,가구
경영주 연령 및 교육정도별 농가,2020,전국,0.1ha 미만,60~64,1774,가구
경영주 연령 및 교육정도별 농가,2020,전국,0.1ha 미만,65~69,1628,가구
경영주 연령 및 교육정도별 농가,2020,전국,0.1ha 미만,70~74,1637,가구
경영주 연령 및 교육정도별 농가,2020,전국,0.1ha 미만,75~79,1531,가구
경영주 연령 및 교육정도별 농가,2020,전국,0.1ha 미만,80세이상,1594,가구
경영주 연령 및 교육정도별 농가,2020,전국,0.1ha 미만,경영주평균연령,66.4,가구
경영주 연령 및 교육정도별 농가,2020,전국,0.1ha 미만,경영주교육정도별농가:          받지않음,1106,가구
경영주 연령 및 교육정도별 농가,2020,전국,0.1ha 미만,초등학교,3042,가구
경영주 연령 및 교육정도별 농가,2020,전국,0.1ha 미만,중학교,1835,가구
경영주 연령 및 교육정도별 농가,2020,전국,0.1ha 미만,고등학교,3335,가구
경영주 연령 및 교육정도별 농가,2020,전국,0.1ha 미만,4년제미만대학,783,가구
경영주 연령 및 교육정도별 농가,2020,전국,0.1ha 미만,4년제이상대학교,932,가구
경영주 연령 및 교육정도별 농가,2020,전국,0.1ha 미만,대학원 석사과정,135,가구
경영주 연령 및 교육정도별 농가,2020,전국,0.1ha 미만,대학원 박사과정,34,가구
경영주 연령 및 교육정도별 농가,2020,전국,0.1~0.2,농가,205007,가구
경영주 연령 및 교육정도별 농가,2020,전국,0.1~0.2,경영주연령별농가:15~19,2,가구
경영주 연령 및 교육정도별 농가,2020,전국,0.1~0.2,20~24,44,가구
경영주 연령 및 교육정도별 농가,2020,전국,0.1~0.2,25~29,145,가구
경영주 연령 및 교육정도별 농가,2020,전국,0.1~0.2,30~34,544,가구
경영주 연령 및 교육정도별 농가,2020,전국,0.1~0.2,35~39,1943,가구
경영주 연령 및 교육정도별 농가,2020,전국,0.1~0.2,40~44,4430,가구
경영주 연령 및 교육정도별 농가,2020,전국,0.1~0.2,45~49,9696,가구
경영주 연령 및 교육정도별 농가,2020,전국,0.1~0.2,50~54,16916,가구
경영주 연령 및 교육정도별 농가,2020,전국,0.1~0.2,55~59,25982,가구
경영주 연령 및 교육정도별 농가,2020,전국,0.1~0.2,60~64,34613,가구
경영주 연령 및 교육정도별 농가,2020,전국,0.1~0.2,65~69,31609,가구
경영주 연령 및 교육정도별 농가,2020,전국,0.1~0.2,70~74,28771,가구
경영주 연령 및 교육정도별 농가,2020,전국,0.1~0.2,75~79,25201,가구
경영주 연령 및 교육정도별 농가,2020,전국,0.1~0.2,80세이상,25111,가구
경영주 연령 및 교육정도별 농가,2020,전국,0.1~0.2,경영주평균연령,65.7,가구
경영주 연령 및 교육정도별 농가,2020,전국,0.1~0.2,경영주교육정도별농가:          받지않음,15899,가구
경영주 연령 및 교육정도별 농가,2020,전국,0.1~0.2,초등학교,45675,가구
경영주 연령 및 교육정도별 농가,2020,전국,0.1~0.2,중학교,30822,가구
경영주 연령 및 교육정도별 농가,2020,전국,0.1~0.2,고등학교,65813,가구
경영주 연령 및 교육정도별 농가,2020,전국,0.1~0.2,4년제미만대학,16357,가구
경영주 연령 및 교육정도별 농가,2020,전국,0.1~0.2,4년제이상대학교,24847,가구
경영주 연령 및 교육정도별 농가,2020,전국,0.1~0.2,대학원 석사과정,4424,가구
경영주 연령 및 교육정도별 농가,2020,전국,0.1~0.2,대학원 박사과정,1170,가구
경영주 연령 및 교육정도별 농가,2020,전국,0.2~0.3,농가,121845,가구
경영주 연령 및 교육정도별 농가,2020,전국,0.2~0.3,경영주연령별농가:15~19,1,가구
경영주 연령 및 교육정도별 농가,2020,전국,0.2~0.3,20~24,17,가구
경영주 연령 및 교육정도별 농가,2020,전국,0.2~0.3,25~29,89,가구
경영주 연령 및 교육정도별 농가,2020,전국,0.2~0.3,30~34,274,가구
경영주 연령 및 교육정도별 농가,2020,전국,0.2~0.3,35~39,974,가구
경영주 연령 및 교육정도별 농가,2020,전국,0.2~0.3,40~44,2289,가구
경영주 연령 및 교육정도별 농가,2020,전국,0.2~0.3,45~49,5439,가구
경영주 연령 및 교육정도별 농가,2020,전국,0.2~0.3,50~54,9534,가구
경영주 연령 및 교육정도별 농가,2020,전국,0.2~0.3,55~59,14878,가구
경영주 연령 및 교육정도별 농가,2020,전국,0.2~0.3,60~64,20502,가구
경영주 연령 및 교육정도별 농가,2020,전국,0.2~0.3,65~69,19337,가구
경영주 연령 및 교육정도별 농가,2020,전국,0.2~0.3,70~74,17813,가구
경영주 연령 및 교육정도별 농가,2020,전국,0.2~0.3,75~79,15674,가구
경영주 연령 및 교육정도별 농가,2020,전국,0.2~0.3,80세이상,15024,가구
경영주 연령 및 교육정도별 농가,2020,전국,0.2~0.3,경영주평균연령,66.1,가구
경영주 연령 및 교육정도별 농가,2020,전국,0.2~0.3,경영주교육정도별농가:          받지않음,9158,가구
경영주 연령 및 교육정도별 농가,2020,전국,0.2~0.3,초등학교,29440,가구
경영주 연령 및 교육정도별 농가,2020,전국,0.2~0.3,중학교,18929,가구
경영주 연령 및 교육정도별 농가,2020,전국,0.2~0.3,고등학교,38260,가구
경영주 연령 및 교육정도별 농가,2020,전국,0.2~0.3,4년제미만대학,9493,가구
경영주 연령 및 교육정도별 농가,2020,전국,0.2~0.3,4년제이상대학교,13425,가구
경영주 연령 및 교육정도별 농가,2020,전국,0.2~0.3,대학원 석사과정,2504,가구
경영주 연령 및 교육정도별 농가,2020,전국,0.2~0.3,대학원 박사과정,636,가구
경영주 연령 및 교육정도별 농가,2020,전국,0.3~0.5,농가,199156,가구
경영주 연령 및 교육정도별 농가,2020,전국,0.3~0.5,경영주연령별농가:15~19,3,가구
경영주 연령 및 교육정도별 농가,2020,전국,0.3~0.5,20~24,32,가구
경영주 연령 및 교육정도별 농가,2020,전국,0.3~0.5,25~29,148,가구
경영주 연령 및 교육정도별 농가,2020,전국,0.3~0.5,30~34,490,가구
경영주 연령 및 교육정도별 농가,2020,전국,0.3~0.5,35~39,1475,가구
경영주 연령 및 교육정도별 농가,2020,전국,0.3~0.5,40~44,3356,가구
경영주 연령 및 교육정도별 농가,2020,전국,0.3~0.5,45~49,8110,가구
경영주 연령 및 교육정도별 농가,2020,전국,0.3~0.5,50~54,14721,가구
경영주 연령 및 교육정도별 농가,2020,전국,0.3~0.5,55~59,22709,가구
경영주 연령 및 교육정도별 농가,2020,전국,0.3~0.5,60~64,32196,가구
경영주 연령 및 교육정도별 농가,2020,전국,0.3~0.5,65~69,31110,가구
경영주 연령 및 교육정도별 농가,2020,전국,0.3~0.5,70~74,30524,가구
경영주 연령 및 교육정도별 농가,2020,전국,0.3~0.5,75~79,27853,가구
경영주 연령 및 교육정도별 농가,2020,전국,0.3~0.5,80세이상,26429,가구
경영주 연령 및 교육정도별 농가,2020,전국,0.3~0.5,경영주평균연령,66.7,가구
경영주 연령 및 교육정도별 농가,2020,전국,0.3~0.5,경영주교육정도별농가:          받지않음,15175,가구
경영주 연령 및 교육정도별 농가,2020,전국,0.3~0.5,초등학교,54228,가구
경영주 연령 및 교육정도별 농가,2020,전국,0.3~0.5,중학교,32500,가구
경영주 연령 및 교육정도별 농가,2020,전국,0.3~0.5,고등학교,59967,가구
경영주 연령 및 교육정도별 농가,2020,전국,0.3~0.5,4년제미만대학,13996,가구
경영주 연령 및 교육정도별 농가,2020,전국,0.3~0.5,4년제이상대학교,19152,가구
경영주 연령 및 교육정도별 농가,2020,전국,0.3~0.5,대학원 석사과정,3289,가구
경영주 연령 및 교육정도별 농가,2020,전국,0.3~0.5,대학원 박사과정,849,가구
경영주 연령 및 교육정도별 농가,2020,전국,0.5~0.7,농가,113262,가구
경영주 연령 및 교육정도별 농가,2020,전국,0.5~0.7,경영주연령별농가:15~19,1,가구
경영주 연령 및 교육정도별 농가,2020,전국,0.5~0.7,20~24,15,가구
경영주 연령 및 교육정도별 농가,2020,전국,0.5~0.7,25~29,81,가구
경영주 연령 및 교육정도별 농가,2020,전국,0.5~0.7,30~34,246,가구
경영주 연령 및 교육정도별 농가,2020,전국,0.5~0.7,35~39,748,가구
경영주 연령 및 교육정도별 농가,2020,전국,0.5~0.7,40~44,1713,가구
경영주 연령 및 교육정도별 농가,2020,전국,0.5~0.7,45~49,4059,가구
경영주 연령 및 교육정도별 농가,2020,전국,0.5~0.7,50~54,7781,가구
경영주 연령 및 교육정도별 농가,2020,전국,0.5~0.7,55~59,12201,가구
경영주 연령 및 교육정도별 농가,2020,전국,0.5~0.7,60~64,17869,가구
경영주 연령 및 교육정도별 농가,2020,전국,0.5~0.7,65~69,17912,가구
경영주 연령 및 교육정도별 농가,2020,전국,0.5~0.7,70~74,18285,가구
경영주 연령 및 교육정도별 농가,2020,전국,0.5~0.7,75~79,16992,가구
경영주 연령 및 교육정도별 농가,2020,전국,0.5~0.7,80세이상,15359,가구
경영주 연령 및 교육정도별 농가,2020,전국,0.5~0.7,경영주평균연령,67.3,가구
경영주 연령 및 교육정도별 농가,2020,전국,0.5~0.7,경영주교육정도별농가:          받지않음,8380,가구
경영주 연령 및 교육정도별 농가,2020,전국,0.5~0.7,초등학교,33920,가구
경영주 연령 및 교육정도별 농가,2020,전국,0.5~0.7,중학교,19848,가구
경영주 연령 및 교육정도별 농가,2020,전국,0.5~0.7,고등학교,32615,가구
경영주 연령 및 교육정도별 농가,2020,전국,0.5~0.7,4년제미만대학,7232,가구
경영주 연령 및 교육정도별 농가,2020,전국,0.5~0.7,4년제이상대학교,9198,가구
경영주 연령 및 교육정도별 농가,2020,전국,0.5~0.7,대학원 석사과정,1623,가구
경영주 연령 및 교육정도별 농가,2020,전국,0.5~0.7,대학원 박사과정,446,가구
경영주 연령 및 교육정도별 농가,2020,전국,0.7~1.0,농가,109902,가구
경영주 연령 및 교육정도별 농가,2020,전국,0.7~1.0,경영주연령별농가:15~19,-,가구
경영주 연령 및 교육정도별 농가,2020,전국,0.7~1.0,20~24,16,가구
경영주 연령 및 교육정도별 농가,2020,전국,0.7~1.0,25~29,79,가구
경영주 연령 및 교육정도별 농가,2020,전국,0.7~1.0,30~34,207,가구
경영주 연령 및 교육정도별 농가,2020,전국,0.7~1.0,35~39,649,가구
경영주 연령 및 교육정도별 농가,2020,전국,0.7~1.0,40~44,1608,가구
경영주 연령 및 교육정도별 농가,2020,전국,0.7~1.0,45~49,3762,가구
경영주 연령 및 교육정도별 농가,2020,전국,0.7~1.0,50~54,6938,가구
경영주 연령 및 교육정도별 농가,2020,전국,0.7~1.0,55~59,11643,가구
경영주 연령 및 교육정도별 농가,2020,전국,0.7~1.0,60~64,17629,가구
경영주 연령 및 교육정도별 농가,2020,전국,0.7~1.0,65~69,18178,가구
경영주 연령 및 교육정도별 농가,2020,전국,0.7~1.0,70~74,18351,가구
경영주 연령 및 교육정도별 농가,2020,전국,0.7~1.0,75~79,16462,가구
경영주 연령 및 교육정도별 농가,2020,전국,0.7~1.0,80세이상,14380,가구
경영주 연령 및 교육정도별 농가,2020,전국,0.7~1.0,경영주평균연령,67.4,가구
경영주 연령 및 교육정도별 농가,2020,전국,0.7~1.0,경영주교육정도별농가:          받지않음,7051,가구
경영주 연령 및 교육정도별 농가,2020,전국,0.7~1.0,초등학교,34394,가구
경영주 연령 및 교육정도별 농가,2020,전국,0.7~1.0,중학교,20570,가구
경영주 연령 및 교육정도별 농가,2020,전국,0.7~1.0,고등학교,31657,가구
경영주 연령 및 교육정도별 농가,2020,전국,0.7~1.0,4년제미만대학,6536,가구
경영주 연령 및 교육정도별 농가,2020,전국,0.7~1.0,4년제이상대학교,8013,가구
경영주 연령 및 교육정도별 농가,2020,전국,0.7~1.0,대학원 석사과정,1348,가구
경영주 연령 및 교육정도별 농가,2020,전국,0.7~1.0,대학원 박사과정,333,가구
경영주 연령 및 교육정도별 농가,2020,전국,1.0~1.5,농가,90033,가구
경영주 연령 및 교육정도별 농가,2020,전국,1.0~1.5,경영주연령별농가:15~19,-,가구
경영주 연령 및 교육정도별 농가,2020,전국,1.0~1.5,20~24,13,가구
경영주 연령 및 교육정도별 농가,2020,전국,1.0~1.5,25~29,52,가구
경영주 연령 및 교육정도별 농가,2020,전국,1.0~1.5,30~34,170,가구
경영주 연령 및 교육정도별 농가,2020,전국,1.0~1.5,35~39,558,가구
경영주 연령 및 교육정도별 농가,2020,전국,1.0~1.5,40~44,1290,가구
경영주 연령 및 교육정도별 농가,2020,전국,1.0~1.5,45~49,3020,가구
경영주 연령 및 교육정도별 농가,2020,전국,1.0~1.5,50~54,5688,가구
경영주 연령 및 교육정도별 농가,2020,전국,1.0~1.5,55~59,9571,가구
경영주 연령 및 교육정도별 농가,2020,전국,1.0~1.5,60~64,15302,가구
경영주 연령 및 교육정도별 농가,2020,전국,1.0~1.5,65~69,15571,가구
경영주 연령 및 교육정도별 농가,2020,전국,1.0~1.5,70~74,15641,가구
경영주 연령 및 교육정도별 농가,2020,전국,1.0~1.5,75~79,13024,가구
경영주 연령 및 교육정도별 농가,2020,전국,1.0~1.5,80세이상,10133,가구
경영주 연령 및 교육정도별 농가,2020,전국,1.0~1.5,경영주평균연령,67,가구
경영주 연령 및 교육정도별 농가,2020,전국,1.0~1.5,경영주교육정도별농가:          받지않음,4869,가구
경영주 연령 및 교육정도별 농가,2020,전국,1.0~1.5,초등학교,28704,가구
경영주 연령 및 교육정도별 농가,2020,전국,1.0~1.5,중학교,18409,가구
경영주 연령 및 교육정도별 농가,2020,전국,1.0~1.5,고등학교,26083,가구
경영주 연령 및 교육정도별 농가,2020,전국,1.0~1.5,4년제미만대학,5037,가구
경영주 연령 및 교육정도별 농가,2020,전국,1.0~1.5,4년제이상대학교,5821,가구
경영주 연령 및 교육정도별 농가,2020,전국,1.0~1.5,대학원 석사과정,891,가구
경영주 연령 및 교육정도별 농가,2020,전국,1.0~1.5,대학원 박사과정,219,가구
경영주 연령 및 교육정도별 농가,2020,전국,1.5~2.0,농가,55328,가구
경영주 연령 및 교육정도별 농가,2020,전국,1.5~2.0,경영주연령별농가:15~19,-,가구
경영주 연령 및 교육정도별 농가,2020,전국,1.5~2.0,20~24,13,가구
경영주 연령 및 교육정도별 농가,2020,전국,1.5~2.0,25~29,46,가구
경영주 연령 및 교육정도별 농가,2020,전국,1.5~2.0,30~34,126,가구
경영주 연령 및 교육정도별 농가,2020,전국,1.5~2.0,35~39,406,가구
경영주 연령 및 교육정도별 농가,2020,전국,1.5~2.0,40~44,917,가구
경영주 연령 및 교육정도별 농가,2020,전국,1.5~2.0,45~49,2036,가구
경영주 연령 및 교육정도별 농가,2020,전국,1.5~2.0,50~54,3846,가구
경영주 연령 및 교육정도별 농가,2020,전국,1.5~2.0,55~59,6535,가구
경영주 연령 및 교육정도별 농가,2020,전국,1.5~2.0,60~64,10217,가구
경영주 연령 및 교육정도별 농가,2020,전국,1.5~2.0,65~69,9907,가구
경영주 연령 및 교육정도별 농가,2020,전국,1.5~2.0,70~74,9408,가구
경영주 연령 및 교육정도별 농가,2020,전국,1.5~2.0,75~79,7043,가구
경영주 연령 및 교육정도별 농가,2020,전국,1.5~2.0,80세이상,4828,가구
경영주 연령 및 교육정도별 농가,2020,전국,1.5~2.0,경영주평균연령,65.9,가구
경영주 연령 및 교육정도별 농가,2020,전국,1.5~2.0,경영주교육정도별농가:          받지않음,2300,가구
경영주 연령 및 교육정도별 농가,2020,전국,1.5~2.0,초등학교,16429,가구
경영주 연령 및 교육정도별 농가,2020,전국,1.5~2.0,중학교,12043,가구
경영주 연령 및 교육정도별 농가,2020,전국,1.5~2.0,고등학교,17266,가구
경영주 연령 및 교육정도별 농가,2020,전국,1.5~2.0,4년제미만대학,3218,가구
경영주 연령 및 교육정도별 농가,2020,전국,1.5~2.0,4년제이상대학교,3480,가구
경영주 연령 및 교육정도별 농가,2020,전국,1.5~2.0,대학원 석사과정,470,가구
경영주 연령 및 교육정도별 농가,2020,전국,1.5~2.0,대학원 박사과정,122,가구
경영주 연령 및 교육정도별 농가,2020,전국,2.0~2.5,농가,27293,가구
경영주 연령 및 교육정도별 농가,2020,전국,2.0~2.5,경영주연령별농가:15~19,-,가구
경영주 연령 및 교육정도별 농가,2020,전국,2.0~2.5,20~24,3,가구
경영주 연령 및 교육정도별 농가,2020,전국,2.0~2.5,25~29,26,가구
경영주 연령 및 교육정도별 농가,2020,전국,2.0~2.5,30~34,56,가구
경영주 연령 및 교육정도별 농가,2020,전국,2.0~2.5,35~39,192,가구
경영주 연령 및 교육정도별 농가,2020,전국,2.0~2.5,40~44,429,가구
경영주 연령 및 교육정도별 농가,2020,전국,2.0~2.5,45~49,1050,가구
경영주 연령 및 교육정도별 농가,2020,전국,2.0~2.5,50~54,1926,가구
경영주 연령 및 교육정도별 농가,2020,전국,2.0~2.5,55~59,3376,가구
경영주 연령 및 교육정도별 농가,2020,전국,2.0~2.5,60~64,5382,가구
경영주 연령 및 교육정도별 농가,2020,전국,2.0~2.5,65~69,5022,가구
경영주 연령 및 교육정도별 농가,2020,전국,2.0~2.5,70~74,4653,가구
경영주 연령 및 교육정도별 농가,2020,전국,2.0~2.5,75~79,3203,가구
경영주 연령 및 교육정도별 농가,2020,전국,2.0~2.5,80세이상,1975,가구
경영주 연령 및 교육정도별 농가,2020,전국,2.0~2.5,경영주평균연령,65.4,가구
경영주 연령 및 교육정도별 농가,2020,전국,2.0~2.5,경영주교육정도별농가:          받지않음,925,가구
경영주 연령 및 교육정도별 농가,2020,전국,2.0~2.5,초등학교,7988,가구
경영주 연령 및 교육정도별 농가,2020,전국,2.0~2.5,중학교,6129,가구
경영주 연령 및 교육정도별 농가,2020,전국,2.0~2.5,고등학교,8741,가구
경영주 연령 및 교육정도별 농가,2020,전국,2.0~2.5,4년제미만대학,1606,가구
경영주 연령 및 교육정도별 농가,2020,전국,2.0~2.5,4년제이상대학교,1632,가구
경영주 연령 및 교육정도별 농가,2020,전국,2.0~2.5,대학원 석사과정,218,가구
경영주 연령 및 교육정도별 농가,2020,전국,2.0~2.5,대학원 박사과정,54,가구
경영주 연령 및 교육정도별 농가,2020,전국,2.5~3.0,농가,20151,가구
경영주 연령 및 교육정도별 농가,2020,전국,2.5~3.0,경영주연령별농가:15~19,-,가구
경영주 연령 및 교육정도별 농가,2020,전국,2.5~3.0,20~24,6,가구
경영주 연령 및 교육정도별 농가,2020,전국,2.5~3.0,25~29,16,가구
경영주 연령 및 교육정도별 농가,2020,전국,2.5~3.0,30~34,55,가구
경영주 연령 및 교육정도별 농가,2020,전국,2.5~3.0,35~39,161,가구
경영주 연령 및 교육정도별 농가,2020,전국,2.5~3.0,40~44,366,가구
경영주 연령 및 교육정도별 농가,2020,전국,2.5~3.0,45~49,763,가구
경영주 연령 및 교육정도별 농가,2020,전국,2.5~3.0,50~54,1520,가구
경영주 연령 및 교육정도별 농가,2020,전국,2.5~3.0,55~59,2703,가구
경영주 연령 및 교육정도별 농가,2020,전국,2.5~3.0,60~64,4172,가구
경영주 연령 및 교육정도별 농가,2020,전국,2.5~3.0,65~69,3889,가구
경영주 연령 및 교육정도별 농가,2020,전국,2.5~3.0,70~74,3263,가구
경영주 연령 및 교육정도별 농가,2020,전국,2.5~3.0,75~79,2069,가구
경영주 연령 및 교육정도별 농가,2020,전국,2.5~3.0,80세이상,1168,가구
경영주 연령 및 교육정도별 농가,2020,전국,2.5~3.0,경영주평균연령,64.7,가구
경영주 연령 및 교육정도별 농가,2020,전국,2.5~3.0,경영주교육정도별농가:          받지않음,610,가구
경영주 연령 및 교육정도별 농가,2020,전국,2.5~3.0,초등학교,5478,가구
경영주 연령 및 교육정도별 농가,2020,전국,2.5~3.0,중학교,4702,가구
경영주 연령 및 교육정도별 농가,2020,전국,2.5~3.0,고등학교,6802,가구
경영주 연령 및 교육정도별 농가,2020,전국,2.5~3.0,4년제미만대학,1257,가구
경영주 연령 및 교육정도별 농가,2020,전국,2.5~3.0,4년제이상대학교,1137,가구
경영주 연령 및 교육정도별 농가,2020,전국,2.5~3.0,대학원 석사과정,132,가구
경영주 연령 및 교육정도별 농가,2020,전국,2.5~3.0,대학원 박사과정,33,가구
경영주 연령 및 교육정도별 농가,2020,전국,3.0~4.0,농가,25986,가구
경영주 연령 및 교육정도별 농가,2020,전국,3.0~4.0,경영주연령별농가:15~19,-,가구
경영주 연령 및 교육정도별 농가,2020,전국,3.0~4.0,20~24,9,가구
경영주 연령 및 교육정도별 농가,2020,전국,3.0~4.0,25~29,35,가구
경영주 연령 및 교육정도별 농가,2020,전국,3.0~4.0,30~34,94,가구
경영주 연령 및 교육정도별 농가,2020,전국,3.0~4.0,35~39,288,가구
경영주 연령 및 교육정도별 농가,2020,전국,3.0~4.0,40~44,530,가구
경영주 연령 및 교육정도별 농가,2020,전국,3.0~4.0,45~49,1216,가구
경영주 연령 및 교육정도별 농가,2020,전국,3.0~4.0,50~54,2195,가구
경영주 연령 및 교육정도별 농가,2020,전국,3.0~4.0,55~59,3798,가구
경영주 연령 및 교육정도별 농가,2020,전국,3.0~4.0,60~64,5752,가구
경영주 연령 및 교육정도별 농가,2020,전국,3.0~4.0,65~69,4887,가구
경영주 연령 및 교육정도별 농가,2020,전국,3.0~4.0,70~74,3906,가구
경영주 연령 및 교육정도별 농가,2020,전국,3.0~4.0,75~79,2121,가구
경영주 연령 및 교육정도별 농가,2020,전국,3.0~4.0,80세이상,1155,가구
경영주 연령 및 교육정도별 농가,2020,전국,3.0~4.0,경영주평균연령,63.5,가구
경영주 연령 및 교육정도별 농가,2020,전국,3.0~4.0,경영주교육정도별농가:          받지않음,714,가구
경영주 연령 및 교육정도별 농가,2020,전국,3.0~4.0,초등학교,6383,가구
경영주 연령 및 교육정도별 농가,2020,전국,3.0~4.0,중학교,6033,가구
경영주 연령 및 교육정도별 농가,2020,전국,3.0~4.0,고등학교,9378,가구
경영주 연령 및 교육정도별 농가,2020,전국,3.0~4.0,4년제미만대학,1602,가구
경영주 연령 및 교육정도별 농가,2020,전국,3.0~4.0,4년제이상대학교,1615,가구
경영주 연령 및 교육정도별 농가,2020,전국,3.0~4.0,대학원 석사과정,209,가구
경영주 연령 및 교육정도별 농가,2020,전국,3.0~4.0,대학원 박사과정,52,가구
경영주 연령 및 교육정도별 농가,2020,전국,4.0~5.0,농가,13453,가구
경영주 연령 및 교육정도별 농가,2020,전국,4.0~5.0,경영주연령별농가:15~19,1,가구
경영주 연령 및 교육정도별 농가,2020,전국,4.0~5.0,20~24,2,가구
경영주 연령 및 교육정도별 농가,2020,전국,4.0~5.0,25~29,17,가구
경영주 연령 및 교육정도별 농가,2020,전국,4.0~5.0,30~34,48,가구
경영주 연령 및 교육정도별 농가,2020,전국,4.0~5.0,35~39,145,가구
경영주 연령 및 교육정도별 농가,2020,전국,4.0~5.0,40~44,297,가구
경영주 연령 및 교육정도별 농가,2020,전국,4.0~5.0,45~49,620,가구
경영주 연령 및 교육정도별 농가,2020,전국,4.0~5.0,50~54,1161,가구
경영주 연령 및 교육정도별 농가,2020,전국,4.0~5.0,55~59,2221,가구
경영주 연령 및 교육정도별 농가,2020,전국,4.0~5.0,60~64,3214,가구
경영주 연령 및 교육정도별 농가,2020,전국,4.0~5.0,65~69,2527,가구
경영주 연령 및 교육정도별 농가,2020,전국,4.0~5.0,70~74,1799,가구
경영주 연령 및 교육정도별 농가,2020,전국,4.0~5.0,75~79,943,가구
경영주 연령 및 교육정도별 농가,2020,전국,4.0~5.0,80세이상,458,가구
경영주 연령 및 교육정도별 농가,2020,전국,4.0~5.0,경영주평균연령,62.8,가구
경영주 연령 및 교육정도별 농가,2020,전국,4.0~5.0,경영주교육정도별농가:          받지않음,326,가구
경영주 연령 및 교육정도별 농가,2020,전국,4.0~5.0,초등학교,3155,가구
경영주 연령 및 교육정도별 농가,2020,전국,4.0~5.0,중학교,3234,가구
경영주 연령 및 교육정도별 농가,2020,전국,4.0~5.0,고등학교,5001,가구
경영주 연령 및 교육정도별 농가,2020,전국,4.0~5.0,4년제미만대학,859,가구
경영주 연령 및 교육정도별 농가,2020,전국,4.0~5.0,4년제이상대학교,780,가구
경영주 연령 및 교육정도별 농가,2020,전국,4.0~5.0,대학원 석사과정,83,가구
경영주 연령 및 교육정도별 농가,2020,전국,4.0~5.0,대학원 박사과정,15,가구
경영주 연령 및 교육정도별 농가,2020,전국,5.0~6.0,농가,7923,가구
경영주 연령 및 교육정도별 농가,2020,전국,5.0~6.0,경영주연령별농가:15~19,-,가구
경영주 연령 및 교육정도별 농가,2020,전국,5.0~6.0,20~24,3,가구
경영주 연령 및 교육정도별 농가,2020,전국,5.0~6.0,25~29,12,가구
경영주 연령 및 교육정도별 농가,2020,전국,5.0~6.0,30~34,24,가구
경영주 연령 및 교육정도별 농가,2020,전국,5.0~6.0,35~39,92,가구
경영주 연령 및 교육정도별 농가,2020,전국,5.0~6.0,40~44,182,가구
경영주 연령 및 교육정도별 농가,2020,전국,5.0~6.0,45~49,433,가구
경영주 연령 및 교육정도별 농가,2020,전국,5.0~6.0,50~54,734,가구
경영주 연령 및 교육정도별 농가,2020,전국,5.0~6.0,55~59,1275,가구
경영주 연령 및 교육정도별 농가,2020,전국,5.0~6.0,60~64,2026,가구
경영주 연령 및 교육정도별 농가,2020,전국,5.0~6.0,65~69,1424,가구
경영주 연령 및 교육정도별 농가,2020,전국,5.0~6.0,70~74,1021,가구
경영주 연령 및 교육정도별 농가,2020,전국,5.0~6.0,75~79,449,가구
경영주 연령 및 교육정도별 농가,2020,전국,5.0~6.0,80세이상,248,가구
경영주 연령 및 교육정도별 농가,2020,전국,5.0~6.0,경영주평균연령,62.2,가구
경영주 연령 및 교육정도별 농가,2020,전국,5.0~6.0,경영주교육정도별농가:          받지않음,173,가구
경영주 연령 및 교육정도별 농가,2020,전국,5.0~6.0,초등학교,1731,가구
경영주 연령 및 교육정도별 농가,2020,전국,5.0~6.0,중학교,1882,가구
경영주 연령 및 교육정도별 농가,2020,전국,5.0~6.0,고등학교,3087,가구
경영주 연령 및 교육정도별 농가,2020,전국,5.0~6.0,4년제미만대학,515,가구
경영주 연령 및 교육정도별 농가,2020,전국,5.0~6.0,4년제이상대학교,469,가구
경영주 연령 및 교육정도별 농가,2020,전국,5.0~6.0,대학원 석사과정,54,가구
경영주 연령 및 교육정도별 농가,2020,전국,5.0~6.0,대학원 박사과정,12,가구
경영주 연령 및 교육정도별 농가,2020,전국,6.0~7.0,농가,6888,가구
경영주 연령 및 교육정도별 농가,2020,전국,6.0~7.0,경영주연령별농가:15~19,1,가구
경영주 연령 및 교육정도별 농가,2020,전국,6.0~7.0,20~24,1,가구
경영주 연령 및 교육정도별 농가,2020,전국,6.0~7.0,25~29,9,가구
경영주 연령 및 교육정도별 농가,2020,전국,6.0~7.0,30~34,34,가구
경영주 연령 및 교육정도별 농가,2020,전국,6.0~7.0,35~39,81,가구
경영주 연령 및 교육정도별 농가,2020,전국,6.0~7.0,40~44,188,가구
경영주 연령 및 교육정도별 농가,2020,전국,6.0~7.0,45~49,409,가구
경영주 연령 및 교육정도별 농가,2020,전국,6.0~7.0,50~54,688,가구
경영주 연령 및 교육정도별 농가,2020,전국,6.0~7.0,55~59,1253,가구
경영주 연령 및 교육정도별 농가,2020,전국,6.0~7.0,60~64,1774,가구
경영주 연령 및 교육정도별 농가,2020,전국,6.0~7.0,65~69,1169,가구
경영주 연령 및 교육정도별 농가,2020,전국,6.0~7.0,70~74,774,가구
경영주 연령 및 교육정도별 농가,2020,전국,6.0~7.0,75~79,343,가구
경영주 연령 및 교육정도별 농가,2020,전국,6.0~7.0,80세이상,164,가구
경영주 연령 및 교육정도별 농가,2020,전국,6.0~7.0,경영주평균연령,61.4,가구
경영주 연령 및 교육정도별 농가,2020,전국,6.0~7.0,경영주교육정도별농가:          받지않음,109,가구
경영주 연령 및 교육정도별 농가,2020,전국,6.0~7.0,초등학교,1412,가구
경영주 연령 및 교육정도별 농가,2020,전국,6.0~7.0,중학교,1616,가구
경영주 연령 및 교육정도별 농가,2020,전국,6.0~7.0,고등학교,2831,가구
경영주 연령 및 교육정도별 농가,2020,전국,6.0~7.0,4년제미만대학,456,가구
경영주 연령 및 교육정도별 농가,2020,전국,6.0~7.0,4년제이상대학교,399,가구
경영주 연령 및 교육정도별 농가,2020,전국,6.0~7.0,대학원 석사과정,52,가구
경영주 연령 및 교육정도별 농가,2020,전국,6.0~7.0,대학원 박사과정,13,가구
경영주 연령 및 교육정도별 농가,2020,전국,7.0~10.0,농가,9552,가구
경영주 연령 및 교육정도별 농가,2020,전국,7.0~10.0,경영주연령별농가:15~19,-,가구
경영주 연령 및 교육정도별 농가,2020,전국,7.0~10.0,20~24,1,가구
경영주 연령 및 교육정도별 농가,2020,전국,7.0~10.0,25~29,17,가구
경영주 연령 및 교육정도별 농가,2020,전국,7.0~10.0,30~34,70,가구
경영주 연령 및 교육정도별 농가,2020,전국,7.0~10.0,35~39,148,가구
경영주 연령 및 교육정도별 농가,2020,전국,7.0~10.0,40~44,283,가구
경영주 연령 및 교육정도별 농가,2020,전국,7.0~10.0,45~49,584,가구
경영주 연령 및 교육정도별 농가,2020,전국,7.0~10.0,50~54,1012,가구
경영주 연령 및 교육정도별 농가,2020,전국,7.0~10.0,55~59,1823,가구
경영주 연령 및 교육정도별 농가,2020,전국,7.0~10.0,60~64,2551,가구
경영주 연령 및 교육정도별 농가,2020,전국,7.0~10.0,65~69,1625,가구
경영주 연령 및 교육정도별 농가,2020,전국,7.0~10.0,70~74,892,가구
경영주 연령 및 교육정도별 농가,2020,전국,7.0~10.0,75~79,351,가구
경영주 연령 및 교육정도별 농가,2020,전국,7.0~10.0,80세이상,195,가구
경영주 연령 및 교육정도별 농가,2020,전국,7.0~10.0,경영주평균연령,60.6,가구
경영주 연령 및 교육정도별 농가,2020,전국,7.0~10.0,경영주교육정도별농가:          받지않음,134,가구
경영주 연령 및 교육정도별 농가,2020,전국,7.0~10.0,초등학교,1788,가구
경영주 연령 및 교육정도별 농가,2020,전국,7.0~10.0,중학교,2183,가구
경영주 연령 및 교육정도별 농가,2020,전국,7.0~10.0,고등학교,4096,가구
경영주 연령 및 교육정도별 농가,2020,전국,7.0~10.0,4년제미만대학,734,가구
경영주 연령 및 교육정도별 농가,2020,전국,7.0~10.0,4년제이상대학교,538,가구
경영주 연령 및 교육정도별 농가,2020,전국,7.0~10.0,대학원 석사과정,67,가구
경영주 연령 및 교육정도별 농가,2020,전국,7.0~10.0,대학원 박사과정,12,가구
경영주 연령 및 교육정도별 농가,2020,전국,10.0ha 이상,농가,9072,가구
경영주 연령 및 교육정도별 농가,2020,전국,10.0ha 이상,경영주연령별농가:15~19,-,가구
경영주 연령 및 교육정도별 농가,2020,전국,10.0ha 이상,20~24,4,가구
경영주 연령 및 교육정도별 농가,2020,전국,10.0ha 이상,25~29,33,가구
경영주 연령 및 교육정도별 농가,2020,전국,10.0ha 이상,30~34,78,가구
경영주 연령 및 교육정도별 농가,2020,전국,10.0ha 이상,35~39,187,가구
경영주 연령 및 교육정도별 농가,2020,전국,10.0ha 이상,40~44,342,가구
경영주 연령 및 교육정도별 농가,2020,전국,10.0ha 이상,45~49,642,가구
경영주 연령 및 교육정도별 농가,2020,전국,10.0ha 이상,50~54,1145,가구
경영주 연령 및 교육정도별 농가,2020,전국,10.0ha 이상,55~59,1889,가구
경영주 연령 및 교육정도별 농가,2020,전국,10.0ha 이상,60~64,2379,가구
경영주 연령 및 교육정도별 농가,2020,전국,10.0ha 이상,65~69,1354,가구
경영주 연령 및 교육정도별 농가,2020,전국,10.0ha 이상,70~74,616,가구
경영주 연령 및 교육정도별 농가,2020,전국,10.0ha 이상,75~79,261,가구
경영주 연령 및 교육정도별 농가,2020,전국,10.0ha 이상,80세이상,142,가구
경영주 연령 및 교육정도별 농가,2020,전국,10.0ha 이상,경영주평균연령,59.1,가구
경영주 연령 및 교육정도별 농가,2020,전국,10.0ha 이상,경영주교육정도별농가:          받지않음,100,가구
경영주 연령 및 교육정도별 농가,2020,전국,10.0ha 이상,초등학교,1337,가구
경영주 연령 및 교육정도별 농가,2020,전국,10.0ha 이상,중학교,1913,가구
경영주 연령 및 교육정도별 농가,2020,전국,10.0ha 이상,고등학교,4145,가구
경영주 연령 및 교육정도별 농가,2020,전국,10.0ha 이상,4년제미만대학,834,가구
경영주 연령 및 교육정도별 농가,2020,전국,10.0ha 이상,4년제이상대학교,660,가구
경영주 연령 및 교육정도별 농가,2020,전국,10.0ha 이상,대학원 석사과정,62,가구
경영주 연령 및 교육정도별 농가,2020,전국,10.0ha 이상,대학원 박사과정,21,가구
경영주 연령 및 교육정도별 농가,2020,전국,농축산물경영형태별,농가,1035193,가구
경영주 연령 및 교육정도별 농가,2020,전국,농축산물경영형태별,경영주연령별농가:15~19,9,가구
경영주 연령 및 교육정도별 농가,2020,전국,농축산물경영형태별,20~24,196,가구
경영주 연령 및 교육정도별 농가,2020,전국,농축산물경영형태별,25~29,893,가구
경영주 연령 및 교육정도별 농가,2020,전국,농축산물경영형태별,30~34,2760,가구
경영주 연령 및 교육정도별 농가,2020,전국,농축산물경영형태별,35~39,8568,가구
경영주 연령 및 교육정도별 농가,2020,전국,농축산물경영형태별,40~44,18985,가구
경영주 연령 및 교육정도별 농가,2020,전국,농축산물경영형태별,45~49,42989,가구
경영주 연령 및 교육정도별 농가,2020,전국,농축산물경영형태별,50~54,77645,가구
경영주 연령 및 교육정도별 농가,2020,전국,농축산물경영형태별,55~59,124686,가구
경영주 연령 및 교육정도별 농가,2020,전국,농축산물경영형태별,60~64,179143,가구
경영주 연령 및 교육정도별 농가,2020,전국,농축산물경영형태별,65~69,168571,가구
경영주 연령 및 교육정도별 농가,2020,전국,농축산물경영형태별,70~74,158197,가구
경영주 연령 및 교육정도별 농가,2020,전국,농축산물경영형태별,75~79,133960,가구
경영주 연령 및 교육정도별 농가,2020,전국,농축산물경영형태별,80세이상,118591,가구
경영주 연령 및 교육정도별 농가,2020,전국,농축산물경영형태별,경영주평균연령,66.1,가구
경영주 연령 및 교육정도별 농가,2020,전국,농축산물경영형태별,경영주교육정도별농가:          받지않음,67175,가구
경영주 연령 및 교육정도별 농가,2020,전국,농축산물경영형태별,초등학교,276226,가구
경영주 연령 및 교육정도별 농가,2020,전국,농축산물경영형태별,중학교,184088,가구
경영주 연령 및 교육정도별 농가,2020,전국,농축산물경영형태별,고등학교,322871,가구
경영주 연령 및 교육정도별 농가,2020,전국,농축산물경영형태별,4년제미만대학,71663,가구
경영주 연령 및 교육정도별 농가,2020,전국,농축산물경영형태별,4년제이상대학교,93404,가구
경영주 연령 및 교육정도별 농가,2020,전국,농축산물경영형태별,대학원 석사과정,15708,가구
경영주 연령 및 교육정도별 농가,2020,전국,농축산물경영형태별,대학원 박사과정,4058,가구
경영주 연령 및 교육정도별 농가,2020,전국,논벼,농가,409629,가구
경영주 연령 및 교육정도별 농가,2020,전국,논벼,경영주연령별농가:15~19,3,가구
경영주 연령 및 교육정도별 농가,2020,전국,논벼,20~24,57,가구
경영주 연령 및 교육정도별 농가,2020,전국,논벼,25~29,262,가구
경영주 연령 및 교육정도별 농가,2020,전국,논벼,30~34,821,가구
경영주 연령 및 교육정도별 농가,2020,전국,논벼,35~39,2604,가구
경영주 연령 및 교육정도별 농가,2020,전국,논벼,40~44,6327,가구
경영주 연령 및 교육정도별 농가,2020,전국,논벼,45~49,15130,가구
경영주 연령 및 교육정도별 농가,2020,전국,논벼,50~54,26045,가구
경영주 연령 및 교육정도별 농가,2020,전국,논벼,55~59,41331,가구
경영주 연령 및 교육정도별 농가,2020,전국,논벼,60~64,61763,가구
경영주 연령 및 교육정도별 농가,2020,전국,논벼,65~69,63055,가구
경영주 연령 및 교육정도별 농가,2020,전국,논벼,70~74,67628,가구
경영주 연령 및 교육정도별 농가,2020,전국,논벼,75~79,63829,가구
경영주 연령 및 교육정도별 농가,2020,전국,논벼,80세이상,60774,가구
경영주 연령 및 교육정도별 농가,2020,전국,논벼,경영주평균연령,67.7,가구
경영주 연령 및 교육정도별 농가,2020,전국,논벼,경영주교육정도별농가:          받지않음,32376,가구
경영주 연령 및 교육정도별 농가,2020,전국,논벼,초등학교,132939,가구
경영주 연령 및 교육정도별 농가,2020,전국,논벼,중학교,75866,가구
경영주 연령 및 교육정도별 농가,2020,전국,논벼,고등학교,114548,가구
경영주 연령 및 교육정도별 농가,2020,전국,논벼,4년제미만대학,22417,가구
경영주 연령 및 교육정도별 농가,2020,전국,논벼,4년제이상대학교,26727,가구
경영주 연령 및 교육정도별 농가,2020,전국,논벼,대학원 석사과정,3887,가구
경영주 연령 및 교육정도별 농가,2020,전국,논벼,대학원 박사과정,869,가구
경영주 연령 및 교육정도별 농가,2020,전국,식량작물,농가,140111,가구
경영주 연령 및 교육정도별 농가,2020,전국,식량작물,경영주연령별농가:15~19,1,가구
경영주 연령 및 교육정도별 농가,2020,전국,식량작물,20~24,12,가구
경영주 연령 및 교육정도별 농가,2020,전국,식량작물,25~29,85,가구
경영주 연령 및 교육정도별 농가,2020,전국,식량작물,30~34,284,가구
경영주 연령 및 교육정도별 농가,2020,전국,식량작물,35~39,976,가구
경영주 연령 및 교육정도별 농가,2020,전국,식량작물,40~44,2339,가구
경영주 연령 및 교육정도별 농가,2020,전국,식량작물,45~49,5528,가구
경영주 연령 및 교육정도별 농가,2020,전국,식량작물,50~54,10615,가구
경영주 연령 및 교육정도별 농가,2020,전국,식량작물,55~59,17852,가구
경영주 연령 및 교육정도별 농가,2020,전국,식량작물,60~64,24681,가구
경영주 연령 및 교육정도별 농가,2020,전국,식량작물,65~69,22629,가구
경영주 연령 및 교육정도별 농가,2020,전국,식량작물,70~74,20274,가구
경영주 연령 및 교육정도별 농가,2020,전국,식량작물,75~79,17993,가구
경영주 연령 및 교육정도별 농가,2020,전국,식량작물,80세이상,16842,가구
경영주 연령 및 교육정도별 농가,2020,전국,식량작물,경영주평균연령,66.2,가구
경영주 연령 및 교육정도별 농가,2020,전국,식량작물,경영주교육정도별농가:          받지않음,10014,가구
경영주 연령 및 교육정도별 농가,2020,전국,식량작물,초등학교,33032,가구
경영주 연령 및 교육정도별 농가,2020,전국,식량작물,중학교,22010,가구
경영주 연령 및 교육정도별 농가,2020,전국,식량작물,고등학교,44250,가구
경영주 연령 및 교육정도별 농가,2020,전국,식량작물,4년제미만대학,10421,가구
경영주 연령 및 교육정도별 농가,2020,전국,식량작물,4년제이상대학교,16163,가구
경영주 연령 및 교육정도별 농가,2020,전국,식량작물,대학원 석사과정,3341,가구
경영주 연령 및 교육정도별 농가,2020,전국,식량작물,대학원 박사과정,880,가구
경영주 연령 및 교육정도별 농가,2020,전국,채소·산나물,농가,168334,가구
경영주 연령 및 교육정도별 농가,2020,전국,채소·산나물,경영주연령별농가:15~19,-,가구
경영주 연령 및 교육정도별 농가,2020,전국,채소·산나물,20~24,22,가구
경영주 연령 및 교육정도별 농가,2020,전국,채소·산나물,25~29,130,가구
경영주 연령 및 교육정도별 농가,2020,전국,채소·산나물,30~34,454,가구
경영주 연령 및 교육정도별 농가,2020,전국,채소·산나물,35~39,1452,가구
경영주 연령 및 교육정도별 농가,2020,전국,채소·산나물,40~44,3210,가구
경영주 연령 및 교육정도별 농가,2020,전국,채소·산나물,45~49,6913,가구
경영주 연령 및 교육정도별 농가,2020,전국,채소·산나물,50~54,12878,가구
경영주 연령 및 교육정도별 농가,2020,전국,채소·산나물,55~59,20763,가구
경영주 연령 및 교육정도별 농가,2020,전국,채소·산나물,60~64,31027,가구
경영주 연령 및 교육정도별 농가,2020,전국,채소·산나물,65~69,28628,가구
경영주 연령 및 교육정도별 농가,2020,전국,채소·산나물,70~74,25883,가구
경영주 연령 및 교육정도별 농가,2020,전국,채소·산나물,75~79,20505,가구
경영주 연령 및 교육정도별 농가,2020,전국,채소·산나물,80세이상,16469,가구
경영주 연령 및 교육정도별 농가,2020,전국,채소·산나물,경영주평균연령,65.6,가구
경영주 연령 및 교육정도별 농가,2020,전국,채소·산나물,경영주교육정도별농가:          받지않음,11091,가구
경영주 연령 및 교육정도별 농가,2020,전국,채소·산나물,초등학교,45206,가구
경영주 연령 및 교육정도별 농가,2020,전국,채소·산나물,중학교,31864,가구
경영주 연령 및 교육정도별 농가,2020,전국,채소·산나물,고등학교,54013,가구
경영주 연령 및 교육정도별 농가,2020,전국,채소·산나물,4년제미만대학,10541,가구
경영주 연령 및 교육정도별 농가,2020,전국,채소·산나물,4년제이상대학교,13130,가구
경영주 연령 및 교육정도별 농가,2020,전국,채소·산나물,대학원 석사과정,2002,가구
경영주 연령 및 교육정도별 농가,2020,전국,채소·산나물,대학원 박사과정,487,가구
경영주 연령 및 교육정도별 농가,2020,전국,특용작물·버섯,농가,32076,가구
경영주 연령 및 교육정도별 농가,2020,전국,특용작물·버섯,경영주연령별농가:15~19,-,가구
경영주 연령 및 교육정도별 농가,2020,전국,특용작물·버섯,20~24,12,가구
경영주 연령 및 교육정도별 농가,2020,전국,특용작물·버섯,25~29,32,가구
경영주 연령 및 교육정도별 농가,2020,전국,특용작물·버섯,30~34,89,가구
경영주 연령 및 교육정도별 농가,2020,전국,특용작물·버섯,35~39,286,가구
경영주 연령 및 교육정도별 농가,2020,전국,특용작물·버섯,40~44,547,가구
경영주 연령 및 교육정도별 농가,2020,전국,특용작물·버섯,45~49,1122,가구
경영주 연령 및 교육정도별 농가,2020,전국,특용작물·버섯,50~54,2197,가구
경영주 연령 및 교육정도별 농가,2020,전국,특용작물·버섯,55~59,3653,가구
경영주 연령 및 교육정도별 농가,2020,전국,특용작물·버섯,60~64,5522,가구
경영주 연령 및 교육정도별 농가,2020,전국,특용작물·버섯,65~69,5108,가구
경영주 연령 및 교육정도별 농가,2020,전국,특용작물·버섯,70~74,4668,가구
경영주 연령 및 교육정도별 농가,2020,전국,특용작물·버섯,75~79,4368,가구
경영주 연령 및 교육정도별 농가,2020,전국,특용작물·버섯,80세이상,4472,가구
경영주 연령 및 교육정도별 농가,2020,전국,특용작물·버섯,경영주평균연령,66.8,가구
경영주 연령 및 교육정도별 농가,2020,전국,특용작물·버섯,경영주교육정도별농가:          받지않음,2882,가구
경영주 연령 및 교육정도별 농가,2020,전국,특용작물·버섯,초등학교,8621,가구
경영주 연령 및 교육정도별 농가,2020,전국,특용작물·버섯,중학교,5391,가구
경영주 연령 및 교육정도별 농가,2020,전국,특용작물·버섯,고등학교,9847,가구
경영주 연령 및 교육정도별 농가,2020,전국,특용작물·버섯,4년제미만대학,1962,가구
경영주 연령 및 교육정도별 농가,2020,전국,특용작물·버섯,4년제이상대학교,2793,가구
경영주 연령 및 교육정도별 농가,2020,전국,특용작물·버섯,대학원 석사과정,465,가구
경영주 연령 및 교육정도별 농가,2020,전국,특용작물·버섯,대학원 박사과정,115,가구
경영주 연령 및 교육정도별 농가,2020,전국,과수,농가,169163,가구
경영주 연령 및 교육정도별 농가,2020,전국,과수,경영주연령별농가:15~19,1,가구
경영주 연령 및 교육정도별 농가,2020,전국,과수,20~24,41,가구
경영주 연령 및 교육정도별 농가,2020,전국,과수,25~29,139,가구
경영주 연령 및 교육정도별 농가,2020,전국,과수,30~34,474,가구
경영주 연령 및 교육정도별 농가,2020,전국,과수,35~39,1624,가구
경영주 연령 및 교육정도별 농가,2020,전국,과수,40~44,3598,가구
경영주 연령 및 교육정도별 농가,2020,전국,과수,45~49,8280,가구
경영주 연령 및 교육정도별 농가,2020,전국,과수,50~54,14930,가구
경영주 연령 및 교육정도별 농가,2020,전국,과수,55~59,23473,가구
경영주 연령 및 교육정도별 농가,2020,전국,과수,60~64,32561,가구
경영주 연령 및 교육정도별 농가,2020,전국,과수,65~69,29610,가구
경영주 연령 및 교육정도별 농가,2020,전국,과수,70~74,24880,가구
경영주 연령 및 교육정도별 농가,2020,전국,과수,75~79,17240,가구
경영주 연령 및 교육정도별 농가,2020,전국,과수,80세이상,12312,가구
경영주 연령 및 교육정도별 농가,2020,전국,과수,경영주평균연령,64.3,가구
경영주 연령 및 교육정도별 농가,2020,전국,과수,경영주교육정도별농가:          받지않음,5951,가구
경영주 연령 및 교육정도별 농가,2020,전국,과수,초등학교,33615,가구
경영주 연령 및 교육정도별 농가,2020,전국,과수,중학교,29171,가구
경영주 연령 및 교육정도별 농가,2020,전국,과수,고등학교,59207,가구
경영주 연령 및 교육정도별 농가,2020,전국,과수,4년제미만대학,15526,가구
경영주 연령 및 교육정도별 농가,2020,전국,과수,4년제이상대학교,21126,가구
경영주 연령 및 교육정도별 농가,2020,전국,과수,대학원 석사과정,3571,가구
경영주 연령 및 교육정도별 농가,2020,전국,과수,대학원 박사과정,996,가구
경영주 연령 및 교육정도별 농가,2020,전국,약용작물,농가,7902,가구
경영주 연령 및 교육정도별 농가,2020,전국,약용작물,경영주연령별농가:15~19,2,가구
경영주 연령 및 교육정도별 농가,2020,전국,약용작물,20~24,2,가구
경영주 연령 및 교육정도별 농가,2020,전국,약용작물,25~29,9,가구
경영주 연령 및 교육정도별 농가,2020,전국,약용작물,30~34,24,가구
경영주 연령 및 교육정도별 농가,2020,전국,약용작물,35~39,65,가구
경영주 연령 및 교육정도별 농가,2020,전국,약용작물,40~44,159,가구
경영주 연령 및 교육정도별 농가,2020,전국,약용작물,45~49,420,가구
경영주 연령 및 교육정도별 농가,2020,전국,약용작물,50~54,869,가구
경영주 연령 및 교육정도별 농가,2020,전국,약용작물,55~59,1330,가구
경영주 연령 및 교육정도별 농가,2020,전국,약용작물,60~64,1681,가구
경영주 연령 및 교육정도별 농가,2020,전국,약용작물,65~69,1247,가구
경영주 연령 및 교육정도별 농가,2020,전국,약용작물,70~74,938,가구
경영주 연령 및 교육정도별 농가,2020,전국,약용작물,75~79,626,가구
경영주 연령 및 교육정도별 농가,2020,전국,약용작물,80세이상,530,가구
경영주 연령 및 교육정도별 농가,2020,전국,약용작물,경영주평균연령,63.1,가구
경영주 연령 및 교육정도별 농가,2020,전국,약용작물,경영주교육정도별농가:          받지않음,373,가구
경영주 연령 및 교육정도별 농가,2020,전국,약용작물,초등학교,1277,가구
경영주 연령 및 교육정도별 농가,2020,전국,약용작물,중학교,1205,가구
경영주 연령 및 교육정도별 농가,2020,전국,약용작물,고등학교,2770,가구
경영주 연령 및 교육정도별 농가,2020,전국,약용작물,4년제미만대학,739,가구
경영주 연령 및 교육정도별 농가,2020,전국,약용작물,4년제이상대학교,1211,가구
경영주 연령 및 교육정도별 농가,2020,전국,약용작물,대학원 석사과정,242,가구
경영주 연령 및 교육정도별 농가,2020,전국,약용작물,대학원 박사과정,85,가구
경영주 연령 및 교육정도별 농가,2020,전국,화초·관상작물,농가,13406,가구
경영주 연령 및 교육정도별 농가,2020,전국,화초·관상작물,경영주연령별농가:15~19,-,가구
경영주 연령 및 교육정도별 농가,2020,전국,화초·관상작물,20~24,6,가구
경영주 연령 및 교육정도별 농가,2020,전국,화초·관상작물,25~29,24,가구
경영주 연령 및 교육정도별 농가,2020,전국,화초·관상작물,30~34,72,가구
경영주 연령 및 교육정도별 농가,2020,전국,화초·관상작물,35~39,164,가구
경영주 연령 및 교육정도별 농가,2020,전국,화초·관상작물,40~44,371,가구
경영주 연령 및 교육정도별 농가,2020,전국,화초·관상작물,45~49,826,가구
경영주 연령 및 교육정도별 농가,2020,전국,화초·관상작물,50~54,1542,가구
경영주 연령 및 교육정도별 농가,2020,전국,화초·관상작물,55~59,2292,가구
경영주 연령 및 교육정도별 농가,2020,전국,화초·관상작물,60~64,2709,가구
경영주 연령 및 교육정도별 농가,2020,전국,화초·관상작물,65~69,2109,가구
경영주 연령 및 교육정도별 농가,2020,전국,화초·관상작물,70~74,1584,가구
경영주 연령 및 교육정도별 농가,2020,전국,화초·관상작물,75~79,971,가구
경영주 연령 및 교육정도별 농가,2020,전국,화초·관상작물,80세이상,736,가구
경영주 연령 및 교육정도별 농가,2020,전국,화초·관상작물,경영주평균연령,62.2,가구
경영주 연령 및 교육정도별 농가,2020,전국,화초·관상작물,경영주교육정도별농가:          받지않음,363,가구
경영주 연령 및 교육정도별 농가,2020,전국,화초·관상작물,초등학교,1684,가구
경영주 연령 및 교육정도별 농가,2020,전국,화초·관상작물,중학교,1662,가구
경영주 연령 및 교육정도별 농가,2020,전국,화초·관상작물,고등학교,4963,가구
경영주 연령 및 교육정도별 농가,2020,전국,화초·관상작물,4년제미만대학,1528,가구
경영주 연령 및 교육정도별 농가,2020,전국,화초·관상작물,4년제이상대학교,2581,가구
경영주 연령 및 교육정도별 농가,2020,전국,화초·관상작물,대학원 석사과정,463,가구
경영주 연령 및 교육정도별 농가,2020,전국,화초·관상작물,대학원 박사과정,162,가구
경영주 연령 및 교육정도별 농가,2020,전국,기타작물,농가,51308,가구
경영주 연령 및 교육정도별 농가,2020,전국,기타작물,경영주연령별농가:15~19,1,가구
경영주 연령 및 교육정도별 농가,2020,전국,기타작물,20~24,11,가구
경영주 연령 및 교육정도별 농가,2020,전국,기타작물,25~29,49,가구
경영주 연령 및 교육정도별 농가,2020,전국,기타작물,30~34,160,가구
경영주 연령 및 교육정도별 농가,2020,전국,기타작물,35~39,499,가구
경영주 연령 및 교육정도별 농가,2020,전국,기타작물,40~44,1086,가구
경영주 연령 및 교육정도별 농가,2020,전국,기타작물,45~49,2555,가구
경영주 연령 및 교육정도별 농가,2020,전국,기타작물,50~54,4663,가구
경영주 연령 및 교육정도별 농가,2020,전국,기타작물,55~59,6934,가구
경영주 연령 및 교육정도별 농가,2020,전국,기타작물,60~64,9321,가구
경영주 연령 및 교육정도별 농가,2020,전국,기타작물,65~69,8160,가구
경영주 연령 및 교육정도별 농가,2020,전국,기타작물,70~74,7086,가구
경영주 연령 및 교육정도별 농가,2020,전국,기타작물,75~79,5657,가구
경영주 연령 및 교육정도별 농가,2020,전국,기타작물,80세이상,5126,가구
경영주 연령 및 교육정도별 농가,2020,전국,기타작물,경영주평균연령,64.9,가구
경영주 연령 및 교육정도별 농가,2020,전국,기타작물,경영주교육정도별농가:          받지않음,3130,가구
경영주 연령 및 교육정도별 농가,2020,전국,기타작물,초등학교,11366,가구
경영주 연령 및 교육정도별 농가,2020,전국,기타작물,중학교,8162,가구
경영주 연령 및 교육정도별 농가,2020,전국,기타작물,고등학교,16936,가구
경영주 연령 및 교육정도별 농가,2020,전국,기타작물,4년제미만대학,4529,가구
경영주 연령 및 교육정도별 농가,2020,전국,기타작물,4년제이상대학교,5635,가구
경영주 연령 및 교육정도별 농가,2020,전국,기타작물,대학원 석사과정,1215,가구
경영주 연령 및 교육정도별 농가,2020,전국,기타작물,대학원 박사과정,335,가구
경영주 연령 및 교육정도별 농가,2020,전국,축산,농가,43264,가구
경영주 연령 및 교육정도별 농가,2020,전국,축산,경영주연령별농가:15~19,1,가구
경영주 연령 및 교육정도별 농가,2020,전국,축산,20~24,33,가구
경영주 연령 및 교육정도별 농가,2020,전국,축산,25~29,163,가구
경영주 연령 및 교육정도별 농가,2020,전국,축산,30~34,382,가구
경영주 연령 및 교육정도별 농가,2020,전국,축산,35~39,898,가구
경영주 연령 및 교육정도별 농가,2020,전국,축산,40~44,1348,가구
경영주 연령 및 교육정도별 농가,2020,전국,축산,45~49,2215,가구
경영주 연령 및 교육정도별 농가,2020,전국,축산,50~54,3906,가구
경영주 연령 및 교육정도별 농가,2020,전국,축산,55~59,7058,가구
경영주 연령 및 교육정도별 농가,2020,전국,축산,60~64,9878,가구
경영주 연령 및 교육정도별 농가,2020,전국,축산,65~69,8025,가구
경영주 연령 및 교육정도별 농가,2020,전국,축산,70~74,5256,가구
경영주 연령 및 교육정도별 농가,2020,전국,축산,75~79,2771,가구
경영주 연령 및 교육정도별 농가,2020,전국,축산,80세이상,1330,가구
경영주 연령 및 교육정도별 농가,2020,전국,축산,경영주평균연령,61.7,가구
경영주 연령 및 교육정도별 농가,2020,전국,축산,경영주교육정도별농가:          받지않음,995,가구
경영주 연령 및 교육정도별 농가,2020,전국,축산,초등학교,8486,가구
경영주 연령 및 교육정도별 농가,2020,전국,축산,중학교,8757,가구
경영주 연령 및 교육정도별 농가,2020,전국,축산,고등학교,16337,가구
경영주 연령 및 교육정도별 농가,2020,전국,축산,4년제미만대학,4000,가구
경영주 연령 및 교육정도별 농가,2020,전국,축산,4년제이상대학교,4038,가구
경영주 연령 및 교육정도별 농가,2020,전국,축산,대학원 석사과정,522,가구
경영주 연령 및 교육정도별 농가,2020,전국,축산,대학원 박사과정,129,가구
경영주 연령 및 교육정도별 농가,2020,전국,전겸업별,농가,1035193,가구
경영주 연령 및 교육정도별 농가,2020,전국,전겸업별,경영주연령별농가:15~19,9,가구
경영주 연령 및 교육정도별 농가,2020,전국,전겸업별,20~24,196,가구
경영주 연령 및 교육정도별 농가,2020,전국,전겸업별,25~29,893,가구
경영주 연령 및 교육정도별 농가,2020,전국,전겸업별,30~34,2760,가구
경영주 연령 및 교육정도별 농가,2020,전국,전겸업별,35~39,8568,가구
경영주 연령 및 교육정도별 농가,2020,전국,전겸업별,40~44,18985,가구
경영주 연령 및 교육정도별 농가,2020,전국,전겸업별,45~49,42989,가구
경영주 연령 및 교육정도별 농가,2020,전국,전겸업별,50~54,77645,가구
경영주 연령 및 교육정도별 농가,2020,전국,전겸업별,55~59,124686,가구
경영주 연령 및 교육정도별 농가,2020,전국,전겸업별,60~64,179143,가구
경영주 연령 및 교육정도별 농가,2020,전국,전겸업별,65~69,168571,가구
경영주 연령 및 교육정도별 농가,2020,전국,전겸업별,70~74,158197,가구
경영주 연령 및 교육정도별 농가,2020,전국,전겸업별,75~79,133960,가구
경영주 연령 및 교육정도별 농가,2020,전국,전겸업별,80세이상,118591,가구
경영주 연령 및 교육정도별 농가,2020,전국,전겸업별,경영주평균연령,66.1,가구
경영주 연령 및 교육정도별 농가,2020,전국,전겸업별,경영주교육정도별농가:          받지않음,67175,가구
경영주 연령 및 교육정도별 농가,2020,전국,전겸업별,초등학교,276226,가구
경영주 연령 및 교육정도별 농가,2020,전국,전겸업별,중학교,184088,가구
경영주 연령 및 교육정도별 농가,2020,전국,전겸업별,고등학교,322871,가구
경영주 연령 및 교육정도별 농가,2020,전국,전겸업별,4년제미만대학,71663,가구
경영주 연령 및 교육정도별 농가,2020,전국,전겸업별,4년제이상대학교,93404,가구
경영주 연령 및 교육정도별 농가,2020,전국,전겸업별,대학원 석사과정,15708,가구
경영주 연령 및 교육정도별 농가,2020,전국,전겸업별,대학원 박사과정,4058,가구
경영주 연령 및 교육정도별 농가,2020,전국,전업,농가,619405,가구
경영주 연령 및 교육정도별 농가,2020,전국,전업,경영주연령별농가:15~19,3,가구
경영주 연령 및 교육정도별 농가,2020,전국,전업,20~24,114,가구
경영주 연령 및 교육정도별 농가,2020,전국,전업,25~29,435,가구
경영주 연령 및 교육정도별 농가,2020,전국,전업,30~34,1217,가구
경영주 연령 및 교육정도별 농가,2020,전국,전업,35~39,3254,가구
경영주 연령 및 교육정도별 농가,2020,전국,전업,40~44,6354,가구
경영주 연령 및 교육정도별 농가,2020,전국,전업,45~49,13353,가구
경영주 연령 및 교육정도별 농가,2020,전국,전업,50~54,25152,가구
경영주 연령 및 교육정도별 농가,2020,전국,전업,55~59,47261,가구
경영주 연령 및 교육정도별 농가,2020,전국,전업,60~64,91413,가구
경영주 연령 및 교육정도별 농가,2020,전국,전업,65~69,107680,가구
경영주 연령 및 교육정도별 농가,2020,전국,전업,70~74,116850,가구
경영주 연령 및 교육정도별 농가,2020,전국,전업,75~79,106908,가구
경영주 연령 및 교육정도별 농가,2020,전국,전업,80세이상,99411,가구
경영주 연령 및 교육정도별 농가,2020,전국,전업,경영주평균연령,69.3,가구
경영주 연령 및 교육정도별 농가,2020,전국,전업,경영주교육정도별농가:          받지않음,54331,가구
경영주 연령 및 교육정도별 농가,2020,전국,전업,초등학교,209746,가구
경영주 연령 및 교육정도별 농가,2020,전국,전업,중학교,121605,가구
경영주 연령 및 교육정도별 농가,2020,전국,전업,고등학교,164504,가구
경영주 연령 및 교육정도별 농가,2020,전국,전업,4년제미만대학,27921,가구
경영주 연령 및 교육정도별 농가,2020,전국,전업,4년제이상대학교,34302,가구
경영주 연령 및 교육정도별 농가,2020,전국,전업,대학원 석사과정,5748,가구
경영주 연령 및 교육정도별 농가,2020,전국,전업,대학원 박사과정,1248,가구
경영주 연령 및 교육정도별 농가,2020,전국,겸업,농가,415788,가구
경영주 연령 및 교육정도별 농가,2020,전국,겸업,경영주연령별농가:15~19,6,가구
경영주 연령 및 교육정도별 농가,2020,전국,겸업,20~24,82,가구
경영주 연령 및 교육정도별 농가,2020,전국,겸업,25~29,458,가구
경영주 연령 및 교육정도별 농가,2020,전국,겸업,30~34,1543,가구
경영주 연령 및 교육정도별 농가,2020,전국,겸업,35~39,5314,가구
경영주 연령 및 교육정도별 농가,2020,전국,겸업,40~44,12631,가구
경영주 연령 및 교육정도별 농가,2020,전국,겸업,45~49,29636,가구
경영주 연령 및 교육정도별 농가,2020,전국,겸업,50~54,52493,가구
경영주 연령 및 교육정도별 농가,2020,전국,겸업,55~59,77425,가구
경영주 연령 및 교육정도별 농가,2020,전국,겸업,60~64,87730,가구
경영주 연령 및 교육정도별 농가,2020,전국,겸업,65~69,60891,가구
경영주 연령 및 교육정도별 농가,2020,전국,겸업,70~74,41347,가구
경영주 연령 및 교육정도별 농가,2020,전국,겸업,75~79,27052,가구
경영주 연령 및 교육정도별 농가,2020,전국,겸업,80세이상,19180,가구
경영주 연령 및 교육정도별 농가,2020,전국,겸업,경영주평균연령,61.3,가구
경영주 연령 및 교육정도별 농가,2020,전국,겸업,경영주교육정도별농가:          받지않음,12844,가구
경영주 연령 및 교육정도별 농가,2020,전국,겸업,초등학교,66480,가구
경영주 연령 및 교육정도별 농가,2020,전국,겸업,중학교,62483,가구
경영주 연령 및 교육정도별 농가,2020,전국,겸업,고등학교,158367,가구
경영주 연령 및 교육정도별 농가,2020,전국,겸업,4년제미만대학,43742,가구
경영주 연령 및 교육정도별 농가,2020,전국,겸업,4년제이상대학교,59102,가구
경영주 연령 및 교육정도별 농가,2020,전국,겸업,대학원 석사과정,9960,가구
경영주 연령 및 교육정도별 농가,2020,전국,겸업,대학원 박사과정,2810,가구
경영주 연령 및 교육정도별 농가,2020,전국,1종 겸업,농가,109455,가구
경영주 연령 및 교육정도별 농가,2020,전국,1종 겸업,경영주연령별농가:15~19,2,가구
경영주 연령 및 교육정도별 농가,2020,전국,1종 겸업,20~24,28,가구
경영주 연령 및 교육정도별 농가,2020,전국,1종 겸업,25~29,142,가구
경영주 연령 및 교육정도별 농가,2020,전국,1종 겸업,30~34,406,가구
경영주 연령 및 교육정도별 농가,2020,전국,1종 겸업,35~39,1148,가구
경영주 연령 및 교육정도별 농가,2020,전국,1종 겸업,40~44,2581,가구
경영주 연령 및 교육정도별 농가,2020,전국,1종 겸업,45~49,5795,가구
경영주 연령 및 교육정도별 농가,2020,전국,1종 겸업,50~54,10206,가구
경영주 연령 및 교육정도별 농가,2020,전국,1종 겸업,55~59,16421,가구
경영주 연령 및 교육정도별 농가,2020,전국,1종 겸업,60~64,22303,가구
경영주 연령 및 교육정도별 농가,2020,전국,1종 겸업,65~69,17680,가구
경영주 연령 및 교육정도별 농가,2020,전국,1종 겸업,70~74,14659,가구
경영주 연령 및 교육정도별 농가,2020,전국,1종 겸업,75~79,10532,가구
경영주 연령 및 교육정도별 농가,2020,전국,1종 겸업,80세이상,7552,가구
경영주 연령 및 교육정도별 농가,2020,전국,1종 겸업,경영주평균연령,63.7,가구
경영주 연령 및 교육정도별 농가,2020,전국,1종 겸업,경영주교육정도별농가:          받지않음,4995,가구
경영주 연령 및 교육정도별 농가,2020,전국,1종 겸업,초등학교,25571,가구
경영주 연령 및 교육정도별 농가,2020,전국,1종 겸업,중학교,20348,가구
경영주 연령 및 교육정도별 농가,2020,전국,1종 겸업,고등학교,37748,가구
경영주 연령 및 교육정도별 농가,2020,전국,1종 겸업,4년제미만대학,8969,가구
경영주 연령 및 교육정도별 농가,2020,전국,1종 겸업,4년제이상대학교,9753,가구
경영주 연령 및 교육정도별 농가,2020,전국,1종 겸업,대학원 석사과정,1672,가구
경영주 연령 및 교육정도별 농가,2020,전국,1종 겸업,대학원 박사과정,399,가구
경영주 연령 및 교육정도별 농가,2020,전국,2종 겸업,농가,306333,가구
경영주 연령 및 교육정도별 농가,2020,전국,2종 겸업,경영주연령별농가:15~19,4,가구
경영주 연령 및 교육정도별 농가,2020,전국,2종 겸업,20~24,54,가구
경영주 연령 및 교육정도별 농가,2020,전국,2종 겸업,25~29,316,가구
경영주 연령 및 교육정도별 농가,2020,전국,2종 겸업,30~34,1137,가구
경영주 연령 및 교육정도별 농가,2020,전국,2종 겸업,35~39,4166,가구
경영주 연령 및 교육정도별 농가,2020,전국,2종 겸업,40~44,10050,가구
경영주 연령 및 교육정도별 농가,2020,전국,2종 겸업,45~49,23841,가구
경영주 연령 및 교육정도별 농가,2020,전국,2종 겸업,50~54,42287,가구
경영주 연령 및 교육정도별 농가,2020,전국,2종 겸업,55~59,61004,가구
경영주 연령 및 교육정도별 농가,2020,전국,2종 겸업,60~64,65427,가구
경영주 연령 및 교육정도별 농가,2020,전국,2종 겸업,65~69,43211,가구
경영주 연령 및 교육정도별 농가,2020,전국,2종 겸업,70~74,26688,가구
경영주 연령 및 교육정도별 농가,2020,전국,2종 겸업,75~79,16520,가구
경영주 연령 및 교육정도별 농가,2020,전국,2종 겸업,80세이상,11628,가구
경영주 연령 및 교육정도별 농가,2020,전국,2종 겸업,경영주평균연령,60.5,가구
경영주 연령 및 교육정도별 농가,2020,전국,2종 겸업,경영주교육정도별농가:          받지않음,7849,가구
경영주 연령 및 교육정도별 농가,2020,전국,2종 겸업,초등학교,40909,가구
경영주 연령 및 교육정도별 농가,2020,전국,2종 겸업,중학교,42135,가구
경영주 연령 및 교육정도별 농가,2020,전국,2종 겸업,고등학교,120619,가구
경영주 연령 및 교육정도별 농가,2020,전국,2종 겸업,4년제미만대학,34773,가구
경영주 연령 및 교육정도별 농가,2020,전국,2종 겸업,4년제이상대학교,49349,가구
경영주 연령 및 교육정도별 농가,2020,전국,2종 겸업,대학원 석사과정,8288,가구
경영주 연령 및 교육정도별 농가,2020,전국,2종 겸업,대학원 박사과정,2411,가구
경영주 연령 및 교육정도별 농가,2020,전국,농축산물판매금액별,농가,1035193,가구
경영주 연령 및 교육정도별 농가,2020,전국,농축산물판매금액별,경영주연령별농가:15~19,9,가구
경영주 연령 및 교육정도별 농가,2020,전국,농축산물판매금액별,20~24,196,가구
경영주 연령 및 교육정도별 농가,2020,전국,농축산물판매금액별,25~29,893,가구
경영주 연령 및 교육정도별 농가,2020,전국,농축산물판매금액별,30~34,2760,가구
경영주 연령 및 교육정도별 농가,2020,전국,농축산물판매금액별,35~39,8568,가구
경영주 연령 및 교육정도별 농가,2020,전국,농축산물판매금액별,40~44,18985,가구
경영주 연령 및 교육정도별 농가,2020,전국,농축산물판매금액별,45~49,42989,가구
경영주 연령 및 교육정도별 농가,2020,전국,농축산물판매금액별,50~54,77645,가구
경영주 연령 및 교육정도별 농가,2020,전국,농축산물판매금액별,55~59,124686,가구
경영주 연령 및 교육정도별 농가,2020,전국,농축산물판매금액별,60~64,179143,가구
경영주 연령 및 교육정도별 농가,2020,전국,농축산물판매금액별,65~69,168571,가구
경영주 연령 및 교육정도별 농가,2020,전국,농축산물판매금액별,70~74,158197,가구
경영주 연령 및 교육정도별 농가,2020,전국,농축산물판매금액별,75~79,133960,가구
경영주 연령 및 교육정도별 농가,2020,전국,농축산물판매금액별,80세이상,118591,가구
경영주 연령 및 교육정도별 농가,2020,전국,농축산물판매금액별,경영주평균연령,66.1,가구
경영주 연령 및 교육정도별 농가,2020,전국,농축산물판매금액별,경영주교육정도별농가:          받지않음,67175,가구
경영주 연령 및 교육정도별 농가,2020,전국,농축산물판매금액별,초등학교,276226,가구
경영주 연령 및 교육정도별 농가,2020,전국,농축산물판매금액별,중학교,184088,가구
경영주 연령 및 교육정도별 농가,2020,전국,농축산물판매금액별,고등학교,322871,가구
경영주 연령 및 교육정도별 농가,2020,전국,농축산물판매금액별,4년제미만대학,71663,가구
경영주 연령 및 교육정도별 농가,2020,전국,농축산물판매금액별,4년제이상대학교,93404,가구
경영주 연령 및 교육정도별 농가,2020,전국,농축산물판매금액별,대학원 석사과정,15708,가구
경영주 연령 및 교육정도별 농가,2020,전국,농축산물판매금액별,대학원 박사과정,4058,가구
경영주 연령 및 교육정도별 농가,2020,전국,판매없음,농가,84816,가구
경영주 연령 및 교육정도별 농가,2020,전국,판매없음,경영주연령별농가:15~19,1,가구
경영주 연령 및 교육정도별 농가,2020,전국,판매없음,20~24,16,가구
경영주 연령 및 교육정도별 농가,2020,전국,판매없음,25~29,80,가구
경영주 연령 및 교육정도별 농가,2020,전국,판매없음,30~34,264,가구
경영주 연령 및 교육정도별 농가,2020,전국,판매없음,35~39,871,가구
경영주 연령 및 교육정도별 농가,2020,전국,판매없음,40~44,2248,가구
경영주 연령 및 교육정도별 농가,2020,전국,판매없음,45~49,5021,가구
경영주 연령 및 교육정도별 농가,2020,전국,판매없음,50~54,8834,가구
경영주 연령 및 교육정도별 농가,2020,전국,판매없음,55~59,12551,가구
경영주 연령 및 교육정도별 농가,2020,전국,판매없음,60~64,14784,가구
경영주 연령 및 교육정도별 농가,2020,전국,판매없음,65~69,12206,가구
경영주 연령 및 교육정도별 농가,2020,전국,판매없음,70~74,10211,가구
경영주 연령 및 교육정도별 농가,2020,전국,판매없음,75~79,8855,가구
경영주 연령 및 교육정도별 농가,2020,전국,판매없음,80세이상,8874,가구
경영주 연령 및 교육정도별 농가,2020,전국,판매없음,경영주평균연령,64.2,가구
경영주 연령 및 교육정도별 농가,2020,전국,판매없음,경영주교육정도별농가:          받지않음,5181,가구
경영주 연령 및 교육정도별 농가,2020,전국,판매없음,초등학교,14537,가구
경영주 연령 및 교육정도별 농가,2020,전국,판매없음,중학교,10068,가구
경영주 연령 및 교육정도별 농가,2020,전국,판매없음,고등학교,27945,가구
경영주 연령 및 교육정도별 농가,2020,전국,판매없음,4년제미만대학,8305,가구
경영주 연령 및 교육정도별 농가,2020,전국,판매없음,4년제이상대학교,14475,가구
경영주 연령 및 교육정도별 농가,2020,전국,판매없음,대학원 석사과정,3272,가구
경영주 연령 및 교육정도별 농가,2020,전국,판매없음,대학원 박사과정,1033,가구
경영주 연령 및 교육정도별 농가,2020,전국,120만원 미만,농가,192327,가구
경영주 연령 및 교육정도별 농가,2020,전국,120만원 미만,경영주연령별농가:15~19,2,가구
경영주 연령 및 교육정도별 농가,2020,전국,120만원 미만,20~24,30,가구
경영주 연령 및 교육정도별 농가,2020,전국,120만원 미만,25~29,107,가구
경영주 연령 및 교육정도별 농가,2020,전국,120만원 미만,30~34,345,가구
경영주 연령 및 교육정도별 농가,2020,전국,120만원 미만,35~39,1373,가구
경영주 연령 및 교육정도별 농가,2020,전국,120만원 미만,40~44,3319,가구
경영주 연령 및 교육정도별 농가,2020,전국,120만원 미만,45~49,8274,가구
경영주 연령 및 교육정도별 농가,2020,전국,120만원 미만,50~54,14960,가구
경영주 연령 및 교육정도별 농가,2020,전국,120만원 미만,55~59,23376,가구
경영주 연령 및 교육정도별 농가,2020,전국,120만원 미만,60~64,31759,가구
경영주 연령 및 교육정도별 농가,2020,전국,120만원 미만,65~69,29155,가구
경영주 연령 및 교육정도별 농가,2020,전국,120만원 미만,70~74,27515,가구
경영주 연령 및 교육정도별 농가,2020,전국,120만원 미만,75~79,25749,가구
경영주 연령 및 교육정도별 농가,2020,전국,120만원 미만,80세이상,26363,가구
경영주 연령 및 교육정도별 농가,2020,전국,120만원 미만,경영주평균연령,66.5,가구
경영주 연령 및 교육정도별 농가,2020,전국,120만원 미만,경영주교육정도별농가:          받지않음,16135,가구
경영주 연령 및 교육정도별 농가,2020,전국,120만원 미만,초등학교,45877,가구
경영주 연령 및 교육정도별 농가,2020,전국,120만원 미만,중학교,27982,가구
경영주 연령 및 교육정도별 농가,2020,전국,120만원 미만,고등학교,59466,가구
경영주 연령 및 교육정도별 농가,2020,전국,120만원 미만,4년제미만대학,14900,가구
경영주 연령 및 교육정도별 농가,2020,전국,120만원 미만,4년제이상대학교,22524,가구
경영주 연령 및 교육정도별 농가,2020,전국,120만원 미만,대학원 석사과정,4297,가구
경영주 연령 및 교육정도별 농가,2020,전국,120만원 미만,대학원 박사과정,1146,가구
경영주 연령 및 교육정도별 농가,2020,전국,120~300,농가,186151,가구
경영주 연령 및 교육정도별 농가,2020,전국,120~300,경영주연령별농가:15~19,2,가구
경영주 연령 및 교육정도별 농가,2020,전국,120~300,20~24,25,가구
경영주 연령 및 교육정도별 농가,2020,전국,120~300,25~29,89,가구
경영주 연령 및 교육정도별 농가,2020,전국,120~300,30~34,329,가구
경영주 연령 및 교육정도별 농가,2020,전국,120~300,35~39,1135,가구
경영주 연령 및 교육정도별 농가,2020,전국,120~300,40~44,2592,가구
경영주 연령 및 교육정도별 농가,2020,전국,120~300,45~49,6486,가구
경영주 연령 및 교육정도별 농가,2020,전국,120~300,50~54,12076,가구
경영주 연령 및 교육정도별 농가,2020,전국,120~300,55~59,19626,가구
경영주 연령 및 교육정도별 농가,2020,전국,120~300,60~64,28676,가구
경영주 연령 및 교육정도별 농가,2020,전국,120~300,65~69,28764,가구
경영주 연령 및 교육정도별 농가,2020,전국,120~300,70~74,29320,가구
경영주 연령 및 교육정도별 농가,2020,전국,120~300,75~79,28478,가구
경영주 연령 및 교육정도별 농가,2020,전국,120~300,80세이상,28553,가구
경영주 연령 및 교육정도별 농가,2020,전국,120~300,경영주평균연령,67.8,가구
경영주 연령 및 교육정도별 농가,2020,전국,120~300,경영주교육정도별농가:          받지않음,16966,가구
경영주 연령 및 교육정도별 농가,2020,전국,120~300,초등학교,54520,가구
경영주 연령 및 교육정도별 농가,2020,전국,120~300,중학교,29819,가구
경영주 연령 및 교육정도별 농가,2020,전국,120~300,고등학교,53142,가구
경영주 연령 및 교육정도별 농가,2020,전국,120~300,4년제미만대학,11828,가구
경영주 연령 및 교육정도별 농가,2020,전국,120~300,4년제이상대학교,16383,가구
경영주 연령 및 교육정도별 농가,2020,전국,120~300,대학원 석사과정,2755,가구
경영주 연령 및 교육정도별 농가,2020,전국,120~300,대학원 박사과정,738,가구
경영주 연령 및 교육정도별 농가,2020,전국,300~500,농가,130377,가구
경영주 연령 및 교육정도별 농가,2020,전국,300~500,경영주연령별농가:15~19,-,가구
경영주 연령 및 교육정도별 농가,2020,전국,300~500,20~24,18,가구
경영주 연령 및 교육정도별 농가,2020,전국,300~500,25~29,93,가구
경영주 연령 및 교육정도별 농가,2020,전국,300~500,30~34,245,가구
경영주 연령 및 교육정도별 농가,2020,전국,300~500,35~39,747,가구
경영주 연령 및 교육정도별 농가,2020,전국,300~500,40~44,1724,가구
경영주 연령 및 교육정도별 농가,2020,전국,300~500,45~49,4295,가구
경영주 연령 및 교육정도별 농가,2020,전국,300~500,50~54,8105,가구
경영주 연령 및 교육정도별 농가,2020,전국,300~500,55~59,13136,가구
경영주 연령 및 교육정도별 농가,2020,전국,300~500,60~64,19523,가구
경영주 연령 및 교육정도별 농가,2020,전국,300~500,65~69,20521,가구
경영주 연령 및 교육정도별 농가,2020,전국,300~500,70~74,21596,가구
경영주 연령 및 교육정도별 농가,2020,전국,300~500,75~79,20784,가구
경영주 연령 및 교육정도별 농가,2020,전국,300~500,80세이상,19590,가구
경영주 연령 및 교육정도별 농가,2020,전국,300~500,경영주평균연령,68,가구
경영주 연령 및 교육정도별 농가,2020,전국,300~500,경영주교육정도별농가:          받지않음,10621,가구
경영주 연령 및 교육정도별 농가,2020,전국,300~500,초등학교,40973,가구
경영주 연령 및 교육정도별 농가,2020,전국,300~500,중학교,23036,가구
경영주 연령 및 교육정도별 농가,2020,전국,300~500,고등학교,36331,가구
경영주 연령 및 교육정도별 농가,2020,전국,300~500,4년제미만대학,7794,가구
경영주 연령 및 교육정도별 농가,2020,전국,300~500,4년제이상대학교,9704,가구
경영주 연령 및 교육정도별 농가,2020,전국,300~500,대학원 석사과정,1581,가구
경영주 연령 및 교육정도별 농가,2020,전국,300~500,대학원 박사과정,337,가구
경영주 연령 및 교육정도별 농가,2020,전국,500~1천,농가,133373,가구
경영주 연령 및 교육정도별 농가,2020,전국,500~1천,경영주연령별농가:15~19,1,가구
경영주 연령 및 교육정도별 농가,2020,전국,500~1천,20~24,24,가구
경영주 연령 및 교육정도별 농가,2020,전국,500~1천,25~29,76,가구
경영주 연령 및 교육정도별 농가,2020,전국,500~1천,30~34,262,가구
경영주 연령 및 교육정도별 농가,2020,전국,500~1천,35~39,771,가구
경영주 연령 및 교육정도별 농가,2020,전국,500~1천,40~44,1883,가구
경영주 연령 및 교육정도별 농가,2020,전국,500~1천,45~49,4482,가구
경영주 연령 및 교육정도별 농가,2020,전국,500~1천,50~54,8158,가구
경영주 연령 및 교육정도별 농가,2020,전국,500~1천,55~59,13363,가구
경영주 연령 및 교육정도별 농가,2020,전국,500~1천,60~64,20769,가구
경영주 연령 및 교육정도별 농가,2020,전국,500~1천,65~69,21851,가구
경영주 연령 및 교육정도별 농가,2020,전국,500~1천,70~74,23457,가구
경영주 연령 및 교육정도별 농가,2020,전국,500~1천,75~79,20770,가구
경영주 연령 및 교육정도별 농가,2020,전국,500~1천,80세이상,17506,가구
경영주 연령 및 교육정도별 농가,2020,전국,500~1천,경영주평균연령,67.6,가구
경영주 연령 및 교육정도별 농가,2020,전국,500~1천,경영주교육정도별농가:          받지않음,8919,가구
경영주 연령 및 교육정도별 농가,2020,전국,500~1천,초등학교,43403,가구
경영주 연령 및 교육정도별 농가,2020,전국,500~1천,중학교,25754,가구
경영주 연령 및 교육정도별 농가,2020,전국,500~1천,고등학교,37499,가구
경영주 연령 및 교육정도별 농가,2020,전국,500~1천,4년제미만대학,7384,가구
경영주 연령 및 교육정도별 농가,2020,전국,500~1천,4년제이상대학교,8780,가구
경영주 연령 및 교육정도별 농가,2020,전국,500~1천,대학원 석사과정,1351,가구
경영주 연령 및 교육정도별 농가,2020,전국,500~1천,대학원 박사과정,283,가구
경영주 연령 및 교육정도별 농가,2020,전국,1~2천,농가,106066,가구
경영주 연령 및 교육정도별 농가,2020,전국,1~2천,경영주연령별농가:15~19,-,가구
경영주 연령 및 교육정도별 농가,2020,전국,1~2천,20~24,24,가구
경영주 연령 및 교육정도별 농가,2020,전국,1~2천,25~29,71,가구
경영주 연령 및 교육정도별 농가,2020,전국,1~2천,30~34,249,가구
경영주 연령 및 교육정도별 농가,2020,전국,1~2천,35~39,783,가구
경영주 연령 및 교육정도별 농가,2020,전국,1~2천,40~44,1700,가구
경영주 연령 및 교육정도별 농가,2020,전국,1~2천,45~49,3718,가구
경영주 연령 및 교육정도별 농가,2020,전국,1~2천,50~54,6901,가구
경영주 연령 및 교육정도별 농가,2020,전국,1~2천,55~59,11293,가구
경영주 연령 및 교육정도별 농가,2020,전국,1~2천,60~64,18022,가구
경영주 연령 및 교육정도별 농가,2020,전국,1~2천,65~69,19072,가구
경영주 연령 및 교육정도별 농가,2020,전국,1~2천,70~74,19095,가구
경영주 연령 및 교육정도별 농가,2020,전국,1~2천,75~79,14854,가구
경영주 연령 및 교육정도별 농가,2020,전국,1~2천,80세이상,10284,가구
경영주 연령 및 교육정도별 농가,2020,전국,1~2천,경영주평균연령,66.6,가구
경영주 연령 및 교육정도별 농가,2020,전국,1~2천,경영주교육정도별농가:          받지않음,5114,가구
경영주 연령 및 교육정도별 농가,2020,전국,1~2천,초등학교,33187,가구
경영주 연령 및 교육정도별 농가,2020,전국,1~2천,중학교,22669,가구
경영주 연령 및 교육정도별 농가,2020,전국,1~2천,고등학교,31652,가구
경영주 연령 및 교육정도별 농가,2020,전국,1~2천,4년제미만대학,5922,가구
경영주 연령 및 교육정도별 농가,2020,전국,1~2천,4년제이상대학교,6458,가구
경영주 연령 및 교육정도별 농가,2020,전국,1~2천,대학원 석사과정,867,가구
경영주 연령 및 교육정도별 농가,2020,전국,1~2천,대학원 박사과정,197,가구
경영주 연령 및 교육정도별 농가,2020,전국,2~3천,농가,64292,가구
경영주 연령 및 교육정도별 농가,2020,전국,2~3천,경영주연령별농가:15~19,-,가구
경영주 연령 및 교육정도별 농가,2020,전국,2~3천,20~24,13,가구
경영주 연령 및 교육정도별 농가,2020,전국,2~3천,25~29,71,가구
경영주 연령 및 교육정도별 농가,2020,전국,2~3천,30~34,198,가구
경영주 연령 및 교육정도별 농가,2020,전국,2~3천,35~39,560,가구
경영주 연령 및 교육정도별 농가,2020,전국,2~3천,40~44,1258,가구
경영주 연령 및 교육정도별 농가,2020,전국,2~3천,45~49,2568,가구
경영주 연령 및 교육정도별 농가,2020,전국,2~3천,50~54,4641,가구
경영주 연령 및 교육정도별 농가,2020,전국,2~3천,55~59,7941,가구
경영주 연령 및 교육정도별 농가,2020,전국,2~3천,60~64,12550,가구
경영주 연령 및 교육정도별 농가,2020,전국,2~3천,65~69,12347,가구
경영주 연령 및 교육정도별 농가,2020,전국,2~3천,70~74,11156,가구
경영주 연령 및 교육정도별 농가,2020,전국,2~3천,75~79,7027,가구
경영주 연령 및 교육정도별 농가,2020,전국,2~3천,80세이상,3962,가구
경영주 연령 및 교육정도별 농가,2020,전국,2~3천,경영주평균연령,65,가구
경영주 연령 및 교육정도별 농가,2020,전국,2~3천,경영주교육정도별농가:          받지않음,2079,가구
경영주 연령 및 교육정도별 농가,2020,전국,2~3천,초등학교,18111,가구
경영주 연령 및 교육정도별 농가,2020,전국,2~3천,중학교,14707,가구
경영주 연령 및 교육정도별 농가,2020,전국,2~3천,고등학교,21237,가구
경영주 연령 및 교육정도별 농가,2020,전국,2~3천,4년제미만대학,3793,가구
경영주 연령 및 교육정도별 농가,2020,전국,2~3천,4년제이상대학교,3826,가구
경영주 연령 및 교육정도별 농가,2020,전국,2~3천,대학원 석사과정,453,가구
경영주 연령 및 교육정도별 농가,2020,전국,2~3천,대학원 박사과정,86,가구
경영주 연령 및 교육정도별 농가,2020,전국,3~5천,농가,56595,가구
경영주 연령 및 교육정도별 농가,2020,전국,3~5천,경영주연령별농가:15~19,1,가구
경영주 연령 및 교육정도별 농가,2020,전국,3~5천,20~24,15,가구
경영주 연령 및 교육정도별 농가,2020,전국,3~5천,25~29,82,가구
경영주 연령 및 교육정도별 농가,2020,전국,3~5천,30~34,240,가구
경영주 연령 및 교육정도별 농가,2020,전국,3~5천,35~39,664,가구
경영주 연령 및 교육정도별 농가,2020,전국,3~5천,40~44,1352,가구
경영주 연령 및 교육정도별 농가,2020,전국,3~5천,45~49,2866,가구
경영주 연령 및 교육정도별 농가,2020,전국,3~5천,50~54,4866,가구
경영주 연령 및 교육정도별 농가,2020,전국,3~5천,55~59,8209,가구
경영주 연령 및 교육정도별 농가,2020,전국,3~5천,60~64,12698,가구
경영주 연령 및 교육정도별 농가,2020,전국,3~5천,65~69,10960,가구
경영주 연령 및 교육정도별 농가,2020,전국,3~5천,70~74,8202,가구
경영주 연령 및 교육정도별 농가,2020,전국,3~5천,75~79,4349,가구
경영주 연령 및 교육정도별 농가,2020,전국,3~5천,80세이상,2091,가구
경영주 연령 및 교육정도별 농가,2020,전국,3~5천,경영주평균연령,63.1,가구
경영주 연령 및 교육정도별 농가,2020,전국,3~5천,경영주교육정도별농가:          받지않음,1229,가구
경영주 연령 및 교육정도별 농가,2020,전국,3~5천,초등학교,13077,가구
경영주 연령 및 교육정도별 농가,2020,전국,3~5천,중학교,13273,가구
경영주 연령 및 교육정도별 농가,2020,전국,3~5천,고등학교,20877,가구
경영주 연령 및 교육정도별 농가,2020,전국,3~5천,4년제미만대학,3872,가구
경영주 연령 및 교육정도별 농가,2020,전국,3~5천,4년제이상대학교,3807,가구
경영주 연령 및 교육정도별 농가,2020,전국,3~5천,대학원 석사과정,386,가구
경영주 연령 및 교육정도별 농가,2020,전국,3~5천,대학원 박사과정,74,가구
경영주 연령 및 교육정도별 농가,2020,전국,5천~7천,농가,31766,가구
경영주 연령 및 교육정도별 농가,2020,전국,5천~7천,경영주연령별농가:15~19,1,가구
경영주 연령 및 교육정도별 농가,2020,전국,5천~7천,20~24,11,가구
경영주 연령 및 교육정도별 농가,2020,전국,5천~7천,25~29,59,가구
경영주 연령 및 교육정도별 농가,2020,전국,5천~7천,30~34,186,가구
경영주 연령 및 교육정도별 농가,2020,전국,5천~7천,35~39,487,가구
경영주 연령 및 교육정도별 농가,2020,전국,5천~7천,40~44,900,가구
경영주 연령 및 교육정도별 농가,2020,전국,5천~7천,45~49,1756,가구
경영주 연령 및 교육정도별 농가,2020,전국,5천~7천,50~54,3079,가구
경영주 연령 및 교육정도별 농가,2020,전국,5천~7천,55~59,5311,가구
경영주 연령 및 교육정도별 농가,2020,전국,5천~7천,60~64,7688,가구
경영주 연령 및 교육정도별 농가,2020,전국,5천~7천,65~69,6030,가구
경영주 연령 및 교육정도별 농가,2020,전국,5천~7천,70~74,3847,가구
경영주 연령 및 교육정도별 농가,2020,전국,5천~7천,75~79,1677,가구
경영주 연령 및 교육정도별 농가,2020,전국,5천~7천,80세이상,734,가구
경영주 연령 및 교육정도별 농가,2020,전국,5천~7천,경영주평균연령,61.6,가구
경영주 연령 및 교육정도별 농가,2020,전국,5천~7천,경영주교육정도별농가:          받지않음,487,가구
경영주 연령 및 교육정도별 농가,2020,전국,5천~7천,초등학교,6097,가구
경영주 연령 및 교육정도별 농가,2020,전국,5천~7천,중학교,7320,가구
경영주 연령 및 교육정도별 농가,2020,전국,5천~7천,고등학교,12880,가구
경영주 연령 및 교육정도별 농가,2020,전국,5천~7천,4년제미만대학,2537,가구
경영주 연령 및 교육정도별 농가,2020,전국,5천~7천,4년제이상대학교,2221,가구
경영주 연령 및 교육정도별 농가,2020,전국,5천~7천,대학원 석사과정,181,가구
경영주 연령 및 교육정도별 농가,2020,전국,5천~7천,대학원 박사과정,43,가구
경영주 연령 및 교육정도별 농가,2020,전국,7천~1억,농가,22850,가구
경영주 연령 및 교육정도별 농가,2020,전국,7천~1억,경영주연령별농가:15~19,1,가구
경영주 연령 및 교육정도별 농가,2020,전국,7천~1억,20~24,6,가구
경영주 연령 및 교육정도별 농가,2020,전국,7천~1억,25~29,54,가구
경영주 연령 및 교육정도별 농가,2020,전국,7천~1억,30~34,148,가구
경영주 연령 및 교육정도별 농가,2020,전국,7천~1억,35~39,402,가구
경영주 연령 및 교육정도별 농가,2020,전국,7천~1억,40~44,780,가구
경영주 연령 및 교육정도별 농가,2020,전국,7천~1억,45~49,1509,가구
경영주 연령 및 교육정도별 농가,2020,전국,7천~1억,50~54,2580,가구
경영주 연령 및 교육정도별 농가,2020,전국,7천~1억,55~59,4353,가구
경영주 연령 및 교육정도별 농가,2020,전국,7천~1억,60~64,5834,가구
경영주 연령 및 교육정도별 농가,2020,전국,7천~1억,65~69,3927,가구
경영주 연령 및 교육정도별 농가,2020,전국,7천~1억,70~74,2093,가구
경영주 연령 및 교육정도별 농가,2020,전국,7천~1억,75~79,799,가구
경영주 연령 및 교육정도별 농가,2020,전국,7천~1억,80세이상,364,가구
경영주 연령 및 교육정도별 농가,2020,전국,7천~1억,경영주평균연령,60.2,가구
경영주 연령 및 교육정도별 농가,2020,전국,7천~1억,경영주교육정도별농가:          받지않음,227,가구
경영주 연령 및 교육정도별 농가,2020,전국,7천~1억,초등학교,3516,가구
경영주 연령 및 교육정도별 농가,2020,전국,7천~1억,중학교,4913,가구
경영주 연령 및 교육정도별 농가,2020,전국,7천~1억,고등학교,9935,가구
경영주 연령 및 교육정도별 농가,2020,전국,7천~1억,4년제미만대학,2130,가구
경영주 연령 및 교육정도별 농가,2020,전국,7천~1억,4년제이상대학교,1916,가구
경영주 연령 및 교육정도별 농가,2020,전국,7천~1억,대학원 석사과정,180,가구
경영주 연령 및 교육정도별 농가,2020,전국,7천~1억,대학원 박사과정,33,가구
경영주 연령 및 교육정도별 농가,2020,전국,1~2억,농가,17169,가구
경영주 연령 및 교육정도별 농가,2020,전국,1~2억,경영주연령별농가:15~19,-,가구
경영주 연령 및 교육정도별 농가,2020,전국,1~2억,20~24,8,가구
경영주 연령 및 교육정도별 농가,2020,전국,1~2억,25~29,50,가구
경영주 연령 및 교육정도별 농가,2020,전국,1~2억,30~34,132,가구
경영주 연령 및 교육정도별 농가,2020,전국,1~2억,35~39,404,가구
경영주 연령 및 교육정도별 농가,2020,전국,1~2억,40~44,714,가구
경영주 연령 및 교육정도별 농가,2020,전국,1~2억,45~49,1228,가구
경영주 연령 및 교육정도별 농가,2020,전국,1~2억,50~54,2131,가구
경영주 연령 및 교육정도별 농가,2020,전국,1~2억,55~59,3612,가구
경영주 연령 및 교육정도별 농가,2020,전국,1~2억,60~64,4539,가구
경영주 연령 및 교육정도별 농가,2020,전국,1~2억,65~69,2539,가구
경영주 연령 및 교육정도별 농가,2020,전국,1~2억,70~74,1195,가구
경영주 연령 및 교육정도별 농가,2020,전국,1~2억,75~79,443,가구
경영주 연령 및 교육정도별 농가,2020,전국,1~2억,80세이상,174,가구
경영주 연령 및 교육정도별 농가,2020,전국,1~2억,경영주평균연령,58.9,가구
경영주 연령 및 교육정도별 농가,2020,전국,1~2억,경영주교육정도별농가:          받지않음,153,가구
경영주 연령 및 교육정도별 농가,2020,전국,1~2억,초등학교,2132,가구
경영주 연령 및 교육정도별 농가,2020,전국,1~2억,중학교,3259,가구
경영주 연령 및 교육정도별 농가,2020,전국,1~2억,고등학교,7755,가구
경영주 연령 및 교육정도별 농가,2020,전국,1~2억,4년제미만대학,1877,가구
경영주 연령 및 교육정도별 농가,2020,전국,1~2억,4년제이상대학교,1769,가구
경영주 연령 및 교육정도별 농가,2020,전국,1~2억,대학원 석사과정,188,가구
경영주 연령 및 교육정도별 농가,2020,전국,1~2억,대학원 박사과정,36,가구
경영주 연령 및 교육정도별 농가,2020,전국,2~5억,농가,6503,가구
경영주 연령 및 교육정도별 농가,2020,전국,2~5억,경영주연령별농가:15~19,-,가구
경영주 연령 및 교육정도별 농가,2020,전국,2~5억,20~24,2,가구
경영주 연령 및 교육정도별 농가,2020,전국,2~5억,25~29,35,가구
경영주 연령 및 교육정도별 농가,2020,전국,2~5억,30~34,92,가구
경영주 연령 및 교육정도별 농가,2020,전국,2~5억,35~39,237,가구
경영주 연령 및 교육정도별 농가,2020,전국,2~5억,40~44,329,가구
경영주 연령 및 교육정도별 농가,2020,전국,2~5억,45~49,538,가구
경영주 연령 및 교육정도별 농가,2020,전국,2~5억,50~54,919,가구
경영주 연령 및 교육정도별 농가,2020,전국,2~5억,55~59,1356,가구
경영주 연령 및 교육정도별 농가,2020,전국,2~5억,60~64,1616,가구
경영주 연령 및 교육정도별 농가,2020,전국,2~5억,65~69,834,가구
경영주 연령 및 교육정도별 농가,2020,전국,2~5억,70~74,348,가구
경영주 연령 및 교육정도별 농가,2020,전국,2~5억,75~79,123,가구
경영주 연령 및 교육정도별 농가,2020,전국,2~5억,80세이상,74,가구
경영주 연령 및 교육정도별 농가,2020,전국,2~5억,경영주평균연령,57.5,가구
경영주 연령 및 교육정도별 농가,2020,전국,2~5억,경영주교육정도별농가:          받지않음,45,가구
경영주 연령 및 교육정도별 농가,2020,전국,2~5억,초등학교,586,가구
경영주 연령 및 교육정도별 농가,2020,전국,2~5억,중학교,959,가구
경영주 연령 및 교육정도별 농가,2020,전국,2~5억,고등학교,2998,가구
경영주 연령 및 교육정도별 농가,2020,전국,2~5억,4년제미만대학,834,가구
경영주 연령 및 교육정도별 농가,2020,전국,2~5억,4년제이상대학교,949,가구
경영주 연령 및 교육정도별 농가,2020,전국,2~5억,대학원 석사과정,106,가구
경영주 연령 및 교육정도별 농가,2020,전국,2~5억,대학원 박사과정,26,가구
경영주 연령 및 교육정도별 농가,2020,전국,5억원 이상,농가,2908,가구
경영주 연령 및 교육정도별 농가,2020,전국,5억원 이상,경영주연령별농가:15~19,-,가구
경영주 연령 및 교육정도별 농가,2020,전국,5억원 이상,20~24,4,가구
경영주 연령 및 교육정도별 농가,2020,전국,5억원 이상,25~29,26,가구
경영주 연령 및 교육정도별 농가,2020,전국,5억원 이상,30~34,70,가구
경영주 연령 및 교육정도별 농가,2020,전국,5억원 이상,35~39,134,가구
경영주 연령 및 교육정도별 농가,2020,전국,5억원 이상,40~44,186,가구
경영주 연령 및 교육정도별 농가,2020,전국,5억원 이상,45~49,248,가구
경영주 연령 및 교육정도별 농가,2020,전국,5억원 이상,50~54,395,가구
경영주 연령 및 교육정도별 농가,2020,전국,5억원 이상,55~59,559,가구
경영주 연령 및 교육정도별 농가,2020,전국,5억원 이상,60~64,685,가구
경영주 연령 및 교육정도별 농가,2020,전국,5억원 이상,65~69,365,가구
경영주 연령 및 교육정도별 농가,2020,전국,5억원 이상,70~74,162,가구
경영주 연령 및 교육정도별 농가,2020,전국,5억원 이상,75~79,52,가구
경영주 연령 및 교육정도별 농가,2020,전국,5억원 이상,80세이상,22,가구
경영주 연령 및 교육정도별 농가,2020,전국,5억원 이상,경영주평균연령,56.5,가구
경영주 연령 및 교육정도별 농가,2020,전국,5억원 이상,경영주교육정도별농가:          받지않음,19,가구
경영주 연령 및 교육정도별 농가,2020,전국,5억원 이상,초등학교,210,가구
경영주 연령 및 교육정도별 농가,2020,전국,5억원 이상,중학교,329,가구
경영주 연령 및 교육정도별 농가,2020,전국,5억원 이상,고등학교,1154,가구
경영주 연령 및 교육정도별 농가,2020,전국,5억원 이상,4년제미만대학,487,가구
경영주 연령 및 교육정도별 농가,2020,전국,5억원 이상,4년제이상대학교,592,가구
경영주 연령 및 교육정도별 농가,2020,전국,5억원 이상,대학원 석사과정,91,가구
경영주 연령 및 교육정도별 농가,2020,전국,5억원 이상,대학원 박사과정,26,가구
경영주 연령 및 교육정도별 농가,2020,전국,경영주성별,농가,1035193,가구
경영주 연령 및 교육정도별 농가,2020,전국,경영주성별,경영주연령별농가:15~19,9,가구
경영주 연령 및 교육정도별 농가,2020,전국,경영주성별,20~24,196,가구
경영주 연령 및 교육정도별 농가,2020,전국,경영주성별,25~29,893,가구
경영주 연령 및 교육정도별 농가,2020,전국,경영주성별,30~34,2760,가구
경영주 연령 및 교육정도별 농가,2020,전국,경영주성별,35~39,8568,가구
경영주 연령 및 교육정도별 농가,2020,전국,경영주성별,40~44,18985,가구
경영주 연령 및 교육정도별 농가,2020,전국,경영주성별,45~49,42989,가구
경영주 연령 및 교육정도별 농가,2020,전국,경영주성별,50~54,77645,가구
경영주 연령 및 교육정도별 농가,2020,전국,경영주성별,55~59,124686,가구
경영주 연령 및 교육정도별 농가,2020,전국,경영주성별,60~64,179143,가구
경영주 연령 및 교육정도별 농가,2020,전국,경영주성별,65~69,168571,가구
경영주 연령 및 교육정도별 농가,2020,전국,경영주성별,70~74,158197,가구
경영주 연령 및 교육정도별 농가,2020,전국,경영주성별,75~79,133960,가구
경영주 연령 및 교육정도별 농가,2020,전국,경영주성별,80세이상,118591,가구
경영주 연령 및 교육정도별 농가,2020,전국,경영주성별,경영주평균연령,66.1,가구
경영주 연령 및 교육정도별 농가,2020,전국,경영주성별,경영주교육정도별농가:          받지않음,67175,가구
경영주 연령 및 교육정도별 농가,2020,전국,경영주성별,초등학교,276226,가구
경영주 연령 및 교육정도별 농가,2020,전국,경영주성별,중학교,184088,가구
경영주 연령 및 교육정도별 농가,2020,전국,경영주성별,고등학교,322871,가구
경영주 연령 및 교육정도별 농가,2020,전국,경영주성별,4년제미만대학,71663,가구
경영주 연령 및 교육정도별 농가,2020,전국,경영주성별,4년제이상대학교,93404,가구
경영주 연령 및 교육정도별 농가,2020,전국,경영주성별,대학원 석사과정,15708,가구
경영주 연령 및 교육정도별 농가,2020,전국,경영주성별,대학원 박사과정,4058,가구
경영주 연령 및 교육정도별 농가,2020,전국,남자,농가,824695,가구
경영주 연령 및 교육정도별 농가,2020,전국,남자,경영주연령별농가:15~19,8,가구
경영주 연령 및 교육정도별 농가,2020,전국,남자,20~24,162,가구
경영주 연령 및 교육정도별 농가,2020,전국,남자,25~29,756,가구
경영주 연령 및 교육정도별 농가,2020,전국,남자,30~34,2345,가구
경영주 연령 및 교육정도별 농가,2020,전국,남자,35~39,7165,가구
경영주 연령 및 교육정도별 농가,2020,전국,남자,40~44,15742,가구
경영주 연령 및 교육정도별 농가,2020,전국,남자,45~49,35688,가구
경영주 연령 및 교육정도별 농가,2020,전국,남자,50~54,64534,가구
경영주 연령 및 교육정도별 농가,2020,전국,남자,55~59,104360,가구
경영주 연령 및 교육정도별 농가,2020,전국,남자,60~64,151119,가구
경영주 연령 및 교육정도별 농가,2020,전국,남자,65~69,138996,가구
경영주 연령 및 교육정도별 농가,2020,전국,남자,70~74,125522,가구
경영주 연령 및 교육정도별 농가,2020,전국,남자,75~79,97110,가구
경영주 연령 및 교육정도별 농가,2020,전국,남자,80세이상,81188,가구
경영주 연령 및 교육정도별 농가,2020,전국,남자,경영주평균연령,65.5,가구
경영주 연령 및 교육정도별 농가,2020,전국,남자,경영주교육정도별농가:          받지않음,26515,가구
경영주 연령 및 교육정도별 농가,2020,전국,남자,초등학교,195539,가구
경영주 연령 및 교육정도별 농가,2020,전국,남자,중학교,157851,가구
경영주 연령 및 교육정도별 농가,2020,전국,남자,고등학교,283061,가구
경영주 연령 및 교육정도별 농가,2020,전국,남자,4년제미만대학,62237,가구
경영주 연령 및 교육정도별 농가,2020,전국,남자,4년제이상대학교,81887,가구
경영주 연령 및 교육정도별 농가,2020,전국,남자,대학원 석사과정,13936,가구
경영주 연령 및 교육정도별 농가,2020,전국,남자,대학원 박사과정,3669,가구
경영주 연령 및 교육정도별 농가,2020,전국,여자,농가,210498,가구
경영주 연령 및 교육정도별 농가,2020,전국,여자,경영주연령별농가:15~19,1,가구
경영주 연령 및 교육정도별 농가,2020,전국,여자,20~24,34,가구
경영주 연령 및 교육정도별 농가,2020,전국,여자,25~29,137,가구
경영주 연령 및 교육정도별 농가,2020,전국,여자,30~34,415,가구
경영주 연령 및 교육정도별 농가,2020,전국,여자,35~39,1403,가구
경영주 연령 및 교육정도별 농가,2020,전국,여자,40~44,3243,가구
경영주 연령 및 교육정도별 농가,2020,전국,여자,45~49,7301,가구
경영주 연령 및 교육정도별 농가,2020,전국,여자,50~54,13111,가구
경영주 연령 및 교육정도별 농가,2020,전국,여자,55~59,20326,가구
경영주 연령 및 교육정도별 농가,2020,전국,여자,60~64,28024,가구
경영주 연령 및 교육정도별 농가,2020,전국,여자,65~69,29575,가구
경영주 연령 및 교육정도별 농가,2020,전국,여자,70~74,32675,가구
경영주 연령 및 교육정도별 농가,2020,전국,여자,75~79,36850,가구
경영주 연령 및 교육정도별 농가,2020,전국,여자,80세이상,37403,가구
경영주 연령 및 교육정도별 농가,2020,전국,여자,경영주평균연령,68.5,가구
경영주 연령 및 교육정도별 농가,2020,전국,여자,경영주교육정도별농가:          받지않음,40660,가구
경영주 연령 및 교육정도별 농가,2020,전국,여자,초등학교,80687,가구
경영주 연령 및 교육정도별 농가,2020,전국,여자,중학교,26237,가구
경영주 연령 및 교육정도별 농가,2020,전국,여자,고등학교,39810,가구
경영주 연령 및 교육정도별 농가,2020,전국,여자,4년제미만대학,9426,가구
경영주 연령 및 교육정도별 농가,2020,전국,여자,4년제이상대학교,11517,가구
경영주 연령 및 교육정도별 농가,2020,전국,여자,대학원 석사과정,1772,가구
경영주 연령 및 교육정도별 농가,2020,전국,여자,대학원 박사과정,389,가구
경영주 연령 및 교육정도별 농가,2020,전국,경영주농사경력기간별,농가,1035193,가구
경영주 연령 및 교육정도별 농가,2020,전국,경영주농사경력기간별,경영주연령별농가:15~19,9,가구
경영주 연령 및 교육정도별 농가,2020,전국,경영주농사경력기간별,20~24,196,가구
경영주 연령 및 교육정도별 농가,2020,전국,경영주농사경력기간별,25~29,893,가구
경영주 연령 및 교육정도별 농가,2020,전국,경영주농사경력기간별,30~34,2760,가구
경영주 연령 및 교육정도별 농가,2020,전국,경영주농사경력기간별,35~39,8568,가구
경영주 연령 및 교육정도별 농가,2020,전국,경영주농사경력기간별,40~44,18985,가구
경영주 연령 및 교육정도별 농가,2020,전국,경영주농사경력기간별,45~49,42989,가구
경영주 연령 및 교육정도별 농가,2020,전국,경영주농사경력기간별,50~54,77645,가구
경영주 연령 및 교육정도별 농가,2020,전국,경영주농사경력기간별,55~59,124686,가구
경영주 연령 및 교육정도별 농가,2020,전국,경영주농사경력기간별,60~64,179143,가구
경영주 연령 및 교육정도별 농가,2020,전국,경영주농사경력기간별,65~69,168571,가구
경영주 연령 및 교육정도별 농가,2020,전국,경영주농사경력기간별,70~74,158197,가구
경영주 연령 및 교육정도별 농가,2020,전국,경영주농사경력기간별,75~79,133960,가구
경영주 연령 및 교육정도별 농가,2020,전국,경영주농사경력기간별,80세이상,118591,가구
경영주 연령 및 교육정도별 농가,2020,전국,경영주농사경력기간별,경영주평균연령,66.1,가구
경영주 연령 및 교육정도별 농가,2020,전국,경영주농사경력기간별,경영주교육정도별농가:          받지않음,67175,가구
경영주 연령 및 교육정도별 농가,2020,전국,경영주농사경력기간별,초등학교,276226,가구
경영주 연령 및 교육정도별 농가,2020,전국,경영주농사경력기간별,중학교,184088,가구
경영주 연령 및 교육정도별 농가,2020,전국,경영주농사경력기간별,고등학교,322871,가구
경영주 연령 및 교육정도별 농가,2020,전국,경영주농사경력기간별,4년제미만대학,71663,가구
경영주 연령 및 교육정도별 농가,2020,전국,경영주농사경력기간별,4년제이상대학교,93404,가구
경영주 연령 및 교육정도별 농가,2020,전국,경영주농사경력기간별,대학원 석사과정,15708,가구
경영주 연령 및 교육정도별 농가,2020,전국,경영주농사경력기간별,대학원 박사과정,4058,가구
경영주 연령 및 교육정도별 농가,2020,전국,5년 미만,농가,70610,가구
경영주 연령 및 교육정도별 농가,2020,전국,5년 미만,경영주연령별농가:15~19,9,가구
경영주 연령 및 교육정도별 농가,2020,전국,5년 미만,20~24,161,가구
경영주 연령 및 교육정도별 농가,2020,전국,5년 미만,25~29,519,가구
경영주 연령 및 교육정도별 농가,2020,전국,5년 미만,30~34,1089,가구
경영주 연령 및 교육정도별 농가,2020,전국,5년 미만,35~39,2661,가구
경영주 연령 및 교육정도별 농가,2020,전국,5년 미만,40~44,4257,가구
경영주 연령 및 교육정도별 농가,2020,전국,5년 미만,45~49,7006,가구
경영주 연령 및 교육정도별 농가,2020,전국,5년 미만,50~54,10146,가구
경영주 연령 및 교육정도별 농가,2020,전국,5년 미만,55~59,13575,가구
경영주 연령 및 교육정도별 농가,2020,전국,5년 미만,60~64,15934,가구
경영주 연령 및 교육정도별 농가,2020,전국,5년 미만,65~69,8669,가구
경영주 연령 및 교육정도별 농가,2020,전국,5년 미만,70~74,4257,가구
경영주 연령 및 교육정도별 농가,2020,전국,5년 미만,75~79,1669,가구
경영주 연령 및 교육정도별 농가,2020,전국,5년 미만,80세이상,658,가구
경영주 연령 및 교육정도별 농가,2020,전국,5년 미만,경영주평균연령,56.9,가구
경영주 연령 및 교육정도별 농가,2020,전국,5년 미만,경영주교육정도별농가:          받지않음,776,가구
경영주 연령 및 교육정도별 농가,2020,전국,5년 미만,초등학교,4680,가구
경영주 연령 및 교육정도별 농가,2020,전국,5년 미만,중학교,7259,가구
경영주 연령 및 교육정도별 농가,2020,전국,5년 미만,고등학교,27714,가구
경영주 연령 및 교육정도별 농가,2020,전국,5년 미만,4년제미만대학,10808,가구
경영주 연령 및 교육정도별 농가,2020,전국,5년 미만,4년제이상대학교,15855,가구
경영주 연령 및 교육정도별 농가,2020,전국,5년 미만,대학원 석사과정,2755,가구
경영주 연령 및 교육정도별 농가,2020,전국,5년 미만,대학원 박사과정,763,가구
경영주 연령 및 교육정도별 농가,2020,전국,5~10,농가,101457,가구
경영주 연령 및 교육정도별 농가,2020,전국,5~10,경영주연령별농가:15~19,-,가구
경영주 연령 및 교육정도별 농가,2020,전국,5~10,20~24,29,가구
경영주 연령 및 교육정도별 농가,2020,전국,5~10,25~29,301,가구
경영주 연령 및 교육정도별 농가,2020,전국,5~10,30~34,980,가구
경영주 연령 및 교육정도별 농가,2020,전국,5~10,35~39,2611,가구
경영주 연령 및 교육정도별 농가,2020,전국,5~10,40~44,4856,가구
경영주 연령 및 교육정도별 농가,2020,전국,5~10,45~49,8991,가구
경영주 연령 및 교육정도별 농가,2020,전국,5~10,50~54,13608,가구
경영주 연령 및 교육정도별 농가,2020,전국,5~10,55~59,18498,가구
경영주 연령 및 교육정도별 농가,2020,전국,5~10,60~64,22044,가구
경영주 연령 및 교육정도별 농가,2020,전국,5~10,65~69,16555,가구
경영주 연령 및 교육정도별 농가,2020,전국,5~10,70~74,8424,가구
경영주 연령 및 교육정도별 농가,2020,전국,5~10,75~79,3366,가구
경영주 연령 및 교육정도별 농가,2020,전국,5~10,80세이상,1194,가구
경영주 연령 및 교육정도별 농가,2020,전국,5~10,경영주평균연령,58.8,가구
경영주 연령 및 교육정도별 농가,2020,전국,5~10,경영주교육정도별농가:          받지않음,945,가구
경영주 연령 및 교육정도별 농가,2020,전국,5~10,초등학교,7395,가구
경영주 연령 및 교육정도별 농가,2020,전국,5~10,중학교,11661,가구
경영주 연령 및 교육정도별 농가,2020,전국,5~10,고등학교,41856,가구
경영주 연령 및 교육정도별 농가,2020,전국,5~10,4년제미만대학,14454,가구
경영주 연령 및 교육정도별 농가,2020,전국,5~10,4년제이상대학교,20615,가구
경영주 연령 및 교육정도별 농가,2020,전국,5~10,대학원 석사과정,3587,가구
경영주 연령 및 교육정도별 농가,2020,전국,5~10,대학원 박사과정,944,가구
경영주 연령 및 교육정도별 농가,2020,전국,10~15,농가,113222,가구
경영주 연령 및 교육정도별 농가,2020,전국,10~15,경영주연령별농가:15~19,-,가구
경영주 연령 및 교육정도별 농가,2020,전국,10~15,20~24,5,가구
경영주 연령 및 교육정도별 농가,2020,전국,10~15,25~29,69,가구
경영주 연령 및 교육정도별 농가,2020,전국,10~15,30~34,544,가구
경영주 연령 및 교육정도별 농가,2020,전국,10~15,35~39,1996,가구
경영주 연령 및 교육정도별 농가,2020,전국,10~15,40~44,4541,가구
경영주 연령 및 교육정도별 농가,2020,전국,10~15,45~49,9128,가구
경영주 연령 및 교육정도별 농가,2020,전국,10~15,50~54,14105,가구
경영주 연령 및 교육정도별 농가,2020,전국,10~15,55~59,18879,가구
경영주 연령 및 교육정도별 농가,2020,전국,10~15,60~64,22641,가구
경영주 연령 및 교육정도별 농가,2020,전국,10~15,65~69,19583,가구
경영주 연령 및 교육정도별 농가,2020,전국,10~15,70~74,13354,가구
경영주 연령 및 교육정도별 농가,2020,전국,10~15,75~79,6010,가구
경영주 연령 및 교육정도별 농가,2020,전국,10~15,80세이상,2367,가구
경영주 연령 및 교육정도별 농가,2020,전국,10~15,경영주평균연령,60.6,가구
경영주 연령 및 교육정도별 농가,2020,전국,10~15,경영주교육정도별농가:          받지않음,1251,가구
경영주 연령 및 교육정도별 농가,2020,전국,10~15,초등학교,10091,가구
경영주 연령 및 교육정도별 농가,2020,전국,10~15,중학교,14965,가구
경영주 연령 및 교육정도별 농가,2020,전국,10~15,고등학교,48542,가구
경영주 연령 및 교육정도별 농가,2020,전국,10~15,4년제미만대학,14402,가구
경영주 연령 및 교육정도별 농가,2020,전국,10~15,4년제이상대학교,19636,가구
경영주 연령 및 교육정도별 농가,2020,전국,10~15,대학원 석사과정,3437,가구
경영주 연령 및 교육정도별 농가,2020,전국,10~15,대학원 박사과정,898,가구
경영주 연령 및 교육정도별 농가,2020,전국,15~20,농가,57313,가구
경영주 연령 및 교육정도별 농가,2020,전국,15~20,경영주연령별농가:15~19,-,가구
경영주 연령 및 교육정도별 농가,2020,전국,15~20,20~24,-,가구
경영주 연령 및 교육정도별 농가,2020,전국,15~20,25~29,4,가구
경영주 연령 및 교육정도별 농가,2020,전국,15~20,30~34,126,가구
경영주 연령 및 교육정도별 농가,2020,전국,15~20,35~39,732,가구
경영주 연령 및 교육정도별 농가,2020,전국,15~20,40~44,1964,가구
경영주 연령 및 교육정도별 농가,2020,전국,15~20,45~49,4570,가구
경영주 연령 및 교육정도별 농가,2020,전국,15~20,50~54,7019,가구
경영주 연령 및 교육정도별 농가,2020,전국,15~20,55~59,9147,가구
경영주 연령 및 교육정도별 농가,2020,전국,15~20,60~64,10960,가구
경영주 연령 및 교육정도별 농가,2020,전국,15~20,65~69,9363,가구
경영주 연령 및 교육정도별 농가,2020,전국,15~20,70~74,7638,가구
경영주 연령 및 교육정도별 농가,2020,전국,15~20,75~79,4196,가구
경영주 연령 및 교육정도별 농가,2020,전국,15~20,80세이상,1594,가구
경영주 연령 및 교육정도별 농가,2020,전국,15~20,경영주평균연령,61.5,가구
경영주 연령 및 교육정도별 농가,2020,전국,15~20,경영주교육정도별농가:          받지않음,705,가구
경영주 연령 및 교육정도별 농가,2020,전국,15~20,초등학교,5626,가구
경영주 연령 및 교육정도별 농가,2020,전국,15~20,중학교,8167,가구
경영주 연령 및 교육정도별 농가,2020,전국,15~20,고등학교,25107,가구
경영주 연령 및 교육정도별 농가,2020,전국,15~20,4년제미만대학,6622,가구
경영주 연령 및 교육정도별 농가,2020,전국,15~20,4년제이상대학교,9000,가구
경영주 연령 및 교육정도별 농가,2020,전국,15~20,대학원 석사과정,1631,가구
경영주 연령 및 교육정도별 농가,2020,전국,15~20,대학원 박사과정,455,가구
경영주 연령 및 교육정도별 농가,2020,전국,20년 이상,농가,692591,가구
경영주 연령 및 교육정도별 농가,2020,전국,20년 이상,경영주연령별농가:15~19,-,가구
경영주 연령 및 교육정도별 농가,2020,전국,20년 이상,20~24,1,가구
경영주 연령 및 교육정도별 농가,2020,전국,20년 이상,25~29,-,가구
경영주 연령 및 교육정도별 농가,2020,전국,20년 이상,30~34,21,가구
경영주 연령 및 교육정도별 농가,2020,전국,20년 이상,35~39,568,가구
경영주 연령 및 교육정도별 농가,2020,전국,20년 이상,40~44,3367,가구
경영주 연령 및 교육정도별 농가,2020,전국,20년 이상,45~49,13294,가구
경영주 연령 및 교육정도별 농가,2020,전국,20년 이상,50~54,32767,가구
경영주 연령 및 교육정도별 농가,2020,전국,20년 이상,55~59,64587,가구
경영주 연령 및 교육정도별 농가,2020,전국,20년 이상,60~64,107564,가구
경영주 연령 및 교육정도별 농가,2020,전국,20년 이상,65~69,114401,가구
경영주 연령 및 교육정도별 농가,2020,전국,20년 이상,70~74,124524,가구
경영주 연령 및 교육정도별 농가,2020,전국,20년 이상,75~79,118719,가구
경영주 연령 및 교육정도별 농가,2020,전국,20년 이상,80세이상,112778,가구
경영주 연령 및 교육정도별 농가,2020,전국,20년 이상,경영주평균연령,69.4,가구
경영주 연령 및 교육정도별 농가,2020,전국,20년 이상,경영주교육정도별농가:          받지않음,63498,가구
경영주 연령 및 교육정도별 농가,2020,전국,20년 이상,초등학교,248434,가구
경영주 연령 및 교육정도별 농가,2020,전국,20년 이상,중학교,142036,가구
경영주 연령 및 교육정도별 농가,2020,전국,20년 이상,고등학교,179652,가구
경영주 연령 및 교육정도별 농가,2020,전국,20년 이상,4년제미만대학,25377,가구
경영주 연령 및 교육정도별 농가,2020,전국,20년 이상,4년제이상대학교,28298,가구
경영주 연령 및 교육정도별 농가,2020,전국,20년 이상,대학원 석사과정,4298,가구
경영주 연령 및 교육정도별 농가,2020,전국,20년 이상,대학원 박사과정,998,가구
